prediction_date,player_name,player_id,team,opponent,position,is_home,opp_goalie,opp_goalie_status,rest_days,prob_assists_1plus,prob_goals_1plus,prob_points_1plus,prob_points_2plus,prob_shots_3plus,prob_shots_4plus,prob_shots_5plus,pick_points_1plus,pick_points_2plus,pick_goals_1plus,pick_assists_1plus,pick_shots_3plus,pick_shots_4plus,pick_shots_5plus,team_ml,actual_goals,actual_assists,actual_points,actual_shots,hit_goals_1plus,hit_points_1plus,hit_points_2plus,hit_assists_1plus,hit_shots_3plus,hit_shots_4plus,hit_shots_5plus
2026-04-28,C. McDavid,8478402,EDM,ANA,C,1,Ville Husso,Fallback,315,0.75,0.3936,0.8301,0.513,0.75,0.4458,0.2647,YES,YES,YES,YES,YES,YES,,,0,2,2,4,MISS,HIT,HIT,HIT,HIT,HIT,MISS
2026-04-28,L. Draisaitl,8477934,EDM,ANA,C,1,Ville Husso,Fallback,315,0.6686,0.3936,0.82,0.513,0.5669,0.3378,0.2087,YES,YES,YES,YES,YES,,,,2,0,2,4,HIT,HIT,HIT,MISS,HIT,HIT,MISS
2026-04-28,M. Rantanen,8478420,DAL,MIN,R,1,Jesper Wallstedt,Fallback,334,0.545,0.3593,0.8171,0.3356,0.5314,0.3261,0.1841,YES,YES,YES,YES,YES,,,,0,1,1,2,MISS,HIT,MISS,HIT,MISS,MISS,MISS
2026-04-28,K. Kaprizov,8478864,MIN,DAL,L,0,Jake Oettinger,Manual,362,0.545,0.3936,0.8171,0.3356,0.6349,0.4458,0.2647,YES,YES,YES,YES,YES,YES,,,1,2,3,4,HIT,HIT,HIT,HIT,HIT,HIT,MISS
2026-04-28,J. Farinacci,8481558,BOS,BUF,C,0,Ukko-Pekka Luukkonen,Manual,378,0.545,0.3936,0.8,0.3356,0.5669,0.3845,0.2647,YES,YES,YES,YES,YES,YES,,,DNP,DNP,DNP,DNP,DNP,DNP,DNP,DNP,DNP,DNP,DNP
2026-04-28,E. Bouchard,8480803,EDM,ANA,D,1,Ville Husso,Fallback,315,0.545,0.2028,0.6994,0.2389,0.5669,0.3845,0.1841,YES,YES,YES,YES,YES,YES,YES,,0,3,3,0,MISS,HIT,HIT,HIT,MISS,MISS,MISS
2026-04-28,T. Thompson,8479420,BUF,BOS,C,1,Joonas Korpisalo,Manual,376,0.3765,0.3593,0.6528,0.2752,0.5669,0.3845,0.2087,YES,,YES,,YES,YES,,,0,1,1,2,MISS,HIT,MISS,HIT,MISS,MISS,MISS
2026-04-28,D. Pastrnak,8477956,BOS,BUF,R,0,Ukko-Pekka Luukkonen,Manual,378,0.4847,0.3936,0.6528,0.2752,0.5669,0.3845,0.2647,YES,,YES,YES,YES,YES,,,1,0,1,7,HIT,HIT,MISS,MISS,HIT,HIT,HIT
2026-04-28,Z. Hyman,8475786,EDM,ANA,L,1,Ville Husso,Fallback,336,0.3638,0.3593,0.6528,0.2389,0.5314,0.3261,0.2,YES,,YES,,YES,,,,1,0,1,1,HIT,HIT,MISS,MISS,MISS,MISS,MISS
2026-04-28,R. Nugent-Hopkins,8476454,EDM,ANA,C,1,Ville Husso,Fallback,315,0.4847,0.3153,0.6528,0.2389,0.436,0.2772,0.1119,YES,,YES,YES,,,,,0,2,2,1,MISS,HIT,HIT,HIT,MISS,MISS,MISS
2026-04-28,A. Tuch,8477949,BUF,BOS,R,1,Joonas Korpisalo,Manual,376,0.4188,0.3155,0.6337,0.2752,0.436,0.2302,0.1119,YES,,YES,,,,,,0,0,0,3,MISS,MISS,MISS,MISS,HIT,MISS,MISS
2026-04-28,R. Dahlin,8480839,BUF,BOS,D,1,Joonas Korpisalo,Manual,376,0.545,0.2028,0.6337,0.2389,0.5314,0.3261,0.1841,YES,YES,YES,YES,YES,YES,YES,,1,0,1,3,HIT,HIT,MISS,MISS,HIT,MISS,MISS
2026-04-28,J. Demers,8474218,EDM,ANA,D,1,Ville Husso,Fallback,1116,0.4847,0.2028,0.6004,0.2389,0.5314,0.3261,0.2087,YES,YES,YES,YES,YES,YES,YES,,DNP,DNP,DNP,DNP,DNP,DNP,DNP,DNP,DNP,DNP,DNP
2026-04-28,M. Boldy,8481557,MIN,DAL,L,0,Jake Oettinger,Manual,362,0.4583,0.3155,0.6004,0.2752,0.5314,0.3671,0.181,YES,,YES,YES,YES,,,,1,1,2,7,HIT,HIT,HIT,HIT,HIT,HIT,HIT
2026-04-28,J. Eriksson Ek,8478493,MIN,DAL,C,0,Jake Oettinger,Manual,362,0.4008,0.3593,0.5619,0.2169,0.5669,0.3845,0.2087,YES,,YES,,YES,YES,,,0,0,0,4,MISS,MISS,MISS,MISS,HIT,HIT,MISS
2026-04-28,M. Zuccarello,8475692,MIN,DAL,R,0,Jake Oettinger,Manual,362,0.4847,0.2573,0.5619,0.2389,0.3659,0.1986,0.0789,YES,,,YES,,,,,1,0,1,2,HIT,HIT,MISS,MISS,MISS,MISS,MISS
2026-04-28,D. Giroux,8480994,MIN,DAL,C,0,Jake Oettinger,Manual,1111,0.4583,0.2573,0.5506,0.2389,0.436,0.2466,0.1119,YES,,,YES,,,,,DNP,DNP,DNP,DNP,DNP,DNP,DNP,DNP,DNP,DNP,DNP
2026-04-28,J. Robertson,8480027,DAL,MIN,L,1,Jesper Wallstedt,Fallback,334,0.3303,0.3133,0.5506,0.2169,0.436,0.2966,0.1529,YES,,YES,,,,,,1,1,2,5,HIT,HIT,HIT,HIT,HIT,HIT,HIT
2026-04-28,P. Kemp,8480274,EDM,ANA,D,1,Ville Husso,Fallback,836,0.3765,0.2028,0.5506,0.1706,0.3936,0.1986,0.1119,YES,,YES,,,,,,DNP,DNP,DNP,DNP,DNP,DNP,DNP,DNP,DNP,DNP,DNP
2026-04-28,M. Heiskanen,8480036,DAL,MIN,D,1,Jesper Wallstedt,Fallback,334,0.4188,0.1487,0.5506,0.1706,0.3936,0.2094,0.0789,YES,,,,,,,,1,1,2,2,HIT,HIT,HIT,HIT,MISS,MISS,MISS
2026-04-28,T. Terry,8478873,ANA,EDM,R,0,Connor Ingram,Manual,377,0.3667,0.2573,0.5506,0.1706,0.3659,0.1986,0.0789,YES,,,,,,,,0,0,0,2,MISS,MISS,MISS,MISS,MISS,MISS,MISS
2026-04-28,W. Johnston,8482740,DAL,MIN,C,1,Jesper Wallstedt,Fallback,334,0.2925,0.2573,0.5506,0.1706,0.3936,0.2094,0.0789,YES,,,,,,,,0,0,0,0,MISS,MISS,MISS,MISS,MISS,MISS,MISS
2026-04-28,J. Peterka,8482175,BUF,BOS,R,1,Joonas Korpisalo,Manual,376,0.3638,0.3133,0.5506,0.1706,0.3936,0.2094,0.1119,YES,,YES,,,,,,DNP,DNP,DNP,DNP,DNP,DNP,DNP,DNP,DNP,DNP,DNP
2026-04-28,J. Davies,8479602,BUF,BOS,D,1,Joonas Korpisalo,Manual,1228,0.4583,0.2396,0.5506,0.2229,0.5314,0.2966,0.2087,YES,YES,YES,YES,YES,,YES,,DNP,DNP,DNP,DNP,DNP,DNP,DNP,DNP,DNP,DNP,DNP
2026-04-28,R. Hintz,8478449,DAL,MIN,C,1,Jesper Wallstedt,Fallback,334,0.3125,0.2573,0.5135,0.2229,0.3659,0.175,0.0789,,,,,,,,,DNP,DNP,DNP,DNP,DNP,DNP,DNP,DNP,DNP,DNP,DNP
2026-04-28,J. Norris,8480064,BUF,BOS,C,1,Joonas Korpisalo,Manual,412,0.2925,0.2573,0.5048,0.1456,0.2679,0.1137,0.0441,,,,,,,,,DNP,DNP,DNP,DNP,DNP,DNP,DNP,DNP,DNP,DNP,DNP
2026-04-28,L. Carlsson,8484153,ANA,EDM,C,0,Connor Ingram,Manual,377,0.3125,0.2573,0.5048,0.1328,0.2679,0.1137,0.0476,,,,,,,,,0,0,0,4,MISS,MISS,MISS,MISS,HIT,HIT,MISS
2026-04-28,T. Zegras,8481533,ANA,EDM,C,0,Connor Ingram,Manual,377,0.3125,0.2139,0.5048,0.1065,0.2679,0.1137,0.0441,,,,,,,,,DNP,DNP,DNP,DNP,DNP,DNP,DNP,DNP,DNP,DNP,DNP
2026-04-28,M. McTavish,8482745,ANA,EDM,C,0,Connor Ingram,Manual,377,0.3236,0.2573,0.5048,0.1563,0.436,0.1986,0.0789,,,,,,,,,0,1,1,0,MISS,HIT,MISS,HIT,MISS,MISS,MISS
2026-04-28,T. Seguin,8475794,DAL,MIN,C,1,Jesper Wallstedt,Fallback,334,0.2925,0.2139,0.4652,0.1065,0.3287,0.175,0.0789,,,,,,,,,DNP,DNP,DNP,DNP,DNP,DNP,DNP,DNP,DNP,DNP,DNP
2026-04-28,E. Lindholm,8477496,BOS,BUF,C,0,Ukko-Pekka Luukkonen,Manual,378,0.3125,0.2446,0.4652,0.1029,0.3166,0.1711,0.0556,,,,,,,,,1,0,1,3,HIT,HIT,MISS,MISS,HIT,MISS,MISS
2026-04-28,M. Ekholm,8475218,EDM,ANA,D,1,Ville Husso,Fallback,315,0.3638,0.1194,0.4652,0.1456,0.3287,0.175,0.0789,,,,,,,,,0,0,0,1,MISS,MISS,MISS,MISS,MISS,MISS,MISS
2026-04-28,C. Perry,8470621,EDM,ANA,R,1,Ville Husso,Fallback,315,0.2515,0.2573,0.4652,0.1029,0.3166,0.1257,0.0476,,,,,,,,,DNP,DNP,DNP,DNP,DNP,DNP,DNP,DNP,DNP,DNP,DNP
2026-04-28,A. Killorn,8473986,ANA,EDM,L,0,Connor Ingram,Manual,377,0.3125,0.2573,0.4652,0.1268,0.2709,0.1257,0.0476,,,,,,,,,1,0,1,3,HIT,HIT,MISS,MISS,HIT,MISS,MISS
2026-04-28,F. Vatrano,8478366,ANA,EDM,R,0,Connor Ingram,Manual,377,0.2516,0.2573,0.4652,0.1029,0.3936,0.2094,0.0789,,,,,,,,,DNP,DNP,DNP,DNP,DNP,DNP,DNP,DNP,DNP,DNP,DNP
2026-04-28,M. Duchene,8475168,DAL,MIN,C,1,Jesper Wallstedt,Fallback,334,0.2987,0.2139,0.4652,0.1563,0.2709,0.1137,0.0441,,,,,,,,,0,1,1,0,MISS,HIT,MISS,HIT,MISS,MISS,MISS
2026-04-28,R. Hartman,8477451,MIN,DAL,R,0,Jake Oettinger,Manual,362,0.2987,0.2028,0.4652,0.1182,0.3287,0.175,0.0789,,,,,,,,,0,1,1,2,MISS,HIT,MISS,HIT,MISS,MISS,MISS
2026-04-28,N. Swaney,8480275,MIN,DAL,R,0,Jake Oettinger,Manual,1111,0.3667,0.2573,0.4652,0.1706,0.3659,0.175,0.1119,,,,,,,,,DNP,DNP,DNP,DNP,DNP,DNP,DNP,DNP,DNP,DNP,DNP
2026-04-28,M. Milne,8482829,MIN,DAL,L,0,Jake Oettinger,Manual,528,0.3303,0.2573,0.4652,0.1706,0.3659,0.175,0.0789,,,,,,,,,DNP,DNP,DNP,DNP,DNP,DNP,DNP,DNP,DNP,DNP,DNP
2026-04-28,J. Pavelski,8470794,DAL,MIN,C,1,Jesper Wallstedt,Fallback,695,0.2925,0.2139,0.4652,0.1563,0.3166,0.1137,0.0441,,,,,,,,,DNP,DNP,DNP,DNP,DNP,DNP,DNP,DNP,DNP,DNP,DNP
2026-04-28,M. Granlund,8475798,DAL,MIN,C,1,Jesper Wallstedt,Fallback,334,0.3125,0.2028,0.4652,0.1527,0.2679,0.1143,0.0441,,,,,,,,,0,0,0,3,MISS,MISS,MISS,MISS,HIT,MISS,MISS
2026-04-28,J. Zucker,8475722,BUF,BOS,L,1,Joonas Korpisalo,Manual,376,0.3125,0.2573,0.4652,0.1706,0.436,0.2302,0.1119,,,,,,,,,0,1,1,2,MISS,HIT,MISS,HIT,MISS,MISS,MISS
2026-04-28,D. Krejci,8471276,BOS,BUF,C,0,Ukko-Pekka Luukkonen,Manual,1094,0.3125,0.1811,0.4353,0.1182,0.2242,0.0931,0.0293,,,,,,,,,DNP,DNP,DNP,DNP,DNP,DNP,DNP,DNP,DNP,DNP,DNP
2026-04-28,J. Skinner,8475784,EDM,ANA,L,1,Ville Husso,Fallback,315,0.2515,0.2396,0.4353,0.1007,0.3166,0.1711,0.0789,,,,,,,,,DNP,DNP,DNP,DNP,DNP,DNP,DNP,DNP,DNP,DNP,DNP
2026-04-28,C. McAvoy,8479325,BOS,BUF,D,0,Ukko-Pekka Luukkonen,Manual,444,0.3236,0.1334,0.4353,0.1029,0.2332,0.0931,0.0331,,,,,,,,,0,0,0,2,MISS,MISS,MISS,MISS,MISS,MISS,MISS
2026-04-28,P. Bergeron,8470638,BOS,BUF,C,0,Ukko-Pekka Luukkonen,Manual,1094,0.2738,0.2573,0.4353,0.1065,0.436,0.2772,0.1529,,,,,,,,,DNP,DNP,DNP,DNP,DNP,DNP,DNP,DNP,DNP,DNP,DNP
2026-04-28,T. Harley,8481581,DAL,MIN,D,1,Jesper Wallstedt,Fallback,334,0.3638,0.1194,0.4353,0.1029,0.2709,0.1278,0.0476,,,,,,,,,0,0,0,4,MISS,MISS,MISS,MISS,HIT,HIT,MISS
2026-04-28,E. Kane,8475169,EDM,ANA,L,1,Ville Husso,Fallback,315,0.2515,0.3133,0.4111,0.1065,0.436,0.2302,0.1119,,,YES,,,,,,1,1,2,2,HIT,HIT,HIT,HIT,MISS,MISS,MISS
2026-04-28,Z. Benson,8484145,BUF,BOS,L,1,Joonas Korpisalo,Manual,376,0.2516,0.2028,0.4029,0.1029,0.2332,0.1009,0.0441,,,,,,,,,0,0,0,2,MISS,MISS,MISS,MISS,MISS,MISS,MISS
2026-04-28,C. Gauthier,8483445,ANA,EDM,L,0,Connor Ingram,Manual,377,0.2516,0.2028,0.4029,0.0846,0.436,0.2094,0.0789,,,,,,,,,0,1,1,2,MISS,HIT,MISS,HIT,MISS,MISS,MISS
2026-04-28,J.Kulich,8483468,BUF,BOS,C,1,Joonas Korpisalo,Manual,376,0.2515,0.2396,0.4029,0.1029,0.3287,0.1711,0.0789,,,,,,,,,DNP,DNP,DNP,DNP,DNP,DNP,DNP,DNP,DNP,DNP,DNP
2026-04-28,P. Zacha,8478401,BOS,BUF,C,0,Ukko-Pekka Luukkonen,Manual,378,0.2857,0.1811,0.4029,0.1007,0.1698,0.0683,0.0202,,,,,,,,,0,0,0,1,MISS,MISS,MISS,MISS,MISS,MISS,MISS
2026-04-28,F. Brunet,8483017,BOS,BUF,D,0,Ukko-Pekka Luukkonen,Manual,378,0.3236,0.1811,0.4029,0.1527,0.3659,0.175,0.1064,,,,,,,,,DNP,DNP,DNP,DNP,DNP,DNP,DNP,DNP,DNP,DNP,DNP
2026-04-28,D. Renouf,8479252,BOS,BUF,D,0,Ukko-Pekka Luukkonen,Manual,1289,0.3638,0.1683,0.4029,0.1563,0.3659,0.175,0.1064,,,,,,,,,DNP,DNP,DNP,DNP,DNP,DNP,DNP,DNP,DNP,DNP,DNP
2026-04-28,C. Carrick,8476941,BOS,BUF,D,0,Ukko-Pekka Luukkonen,Manual,1115,0.3236,0.1684,0.4029,0.1527,0.436,0.2094,0.1119,,,,,,,,,DNP,DNP,DNP,DNP,DNP,DNP,DNP,DNP,DNP,DNP,DNP
2026-04-28,M. Geekie,8479987,BOS,BUF,C,0,Ukko-Pekka Luukkonen,Manual,378,0.2516,0.2139,0.4029,0.1029,0.2332,0.1009,0.0441,,,,,,,,,0,0,0,2,MISS,MISS,MISS,MISS,MISS,MISS,MISS
2026-04-28,D. Nurse,8477498,EDM,ANA,D,1,Ville Husso,Fallback,315,0.2925,0.1194,0.3861,0.1007,0.3166,0.175,0.0789,,,,,,,,,0,0,0,1,MISS,MISS,MISS,MISS,MISS,MISS,MISS
2026-04-28,V. Arvidsson,8478042,EDM,ANA,L,1,Ville Husso,Fallback,318,0.2358,0.1811,0.3861,0.0786,0.3287,0.1711,0.0789,,,,,,,,,DNP,DNP,DNP,DNP,DNP,DNP,DNP,DNP,DNP,DNP,DNP
2026-04-28,R. McLeod,8480802,BUF,BOS,C,1,Joonas Korpisalo,Manual,376,0.2738,0.1811,0.3861,0.0786,0.1816,0.0643,0.0202,,,,,,,,,0,0,0,1,MISS,MISS,MISS,MISS,MISS,MISS,MISS
2026-04-28,C. Mittelstadt,8479999,BOS,BUF,C,0,Ukko-Pekka Luukkonen,Manual,378,0.2738,0.1811,0.3825,0.1029,0.1816,0.0643,0.0202,,,,,,,,,0,0,0,2,MISS,MISS,MISS,MISS,MISS,MISS,MISS
2026-04-28,O. Power,8482671,BUF,BOS,D,1,Joonas Korpisalo,Manual,381,0.2925,0.0662,0.3825,0.1007,0.1816,0.0722,0.0233,,,,,,,,,0,0,0,1,MISS,MISS,MISS,MISS,MISS,MISS,MISS
2026-04-28,R. Fabbri,8477952,ANA,EDM,C,0,Connor Ingram,Manual,427,0.2515,0.1811,0.3714,0.0786,0.1731,0.0643,0.0233,,,,,,,,,DNP,DNP,DNP,DNP,DNP,DNP,DNP,DNP,DNP,DNP,DNP
2026-04-28,B. Faber,8482122,MIN,DAL,D,0,Jake Oettinger,Manual,362,0.3236,0.1194,0.3692,0.1007,0.2242,0.0818,0.0253,,,,,,,,,0,0,0,1,MISS,MISS,MISS,MISS,MISS,MISS,MISS
2026-04-28,H. Lindholm,8476854,BOS,BUF,D,0,Ukko-Pekka Luukkonen,Manual,532,0.2925,0.1081,0.3692,0.0846,0.1816,0.0714,0.0441,,,,,,,,,0,1,1,1,MISS,HIT,MISS,HIT,MISS,MISS,MISS
2026-04-28,J. Walman,8478013,EDM,ANA,D,1,Ville Husso,Fallback,315,0.2516,0.0798,0.3692,0.0786,0.3166,0.1711,0.0789,,,,,,,,,0,0,0,1,MISS,MISS,MISS,MISS,MISS,MISS,MISS
2026-04-28,J. Spurgeon,8474716,MIN,DAL,D,0,Jake Oettinger,Manual,362,0.2925,0.0798,0.3692,0.0786,0.1927,0.0818,0.0293,,,,,,,,,0,0,0,0,MISS,MISS,MISS,MISS,MISS,MISS,MISS
2026-04-28,A. Henrique,8474641,EDM,ANA,C,1,Ville Husso,Fallback,315,0.218,0.1811,0.3692,0.0755,0.2332,0.0931,0.0293,,,,,,,,,DNP,DNP,DNP,DNP,DNP,DNP,DNP,DNP,DNP,DNP,DNP
2026-04-28,J. Benn,8473994,DAL,MIN,L,1,Jesper Wallstedt,Fallback,334,0.218,0.1683,0.3692,0.0755,0.2332,0.1095,0.0293,,,,,,,,,0,0,0,4,MISS,MISS,MISS,MISS,HIT,HIT,MISS
2026-04-28,M. Marchment,8478975,DAL,MIN,L,1,Jesper Wallstedt,Fallback,334,0.2515,0.1811,0.3692,0.1007,0.3287,0.1711,0.0476,,,,,,,,,DNP,DNP,DNP,DNP,DNP,DNP,DNP,DNP,DNP,DNP,DNP
2026-04-28,S. Colangelo,8482118,ANA,EDM,R,0,Connor Ingram,Manual,377,0.2181,0.1684,0.3692,0.0576,0.1683,0.0643,0.0202,,,,,,,,,DNP,DNP,DNP,DNP,DNP,DNP,DNP,DNP,DNP,DNP,DNP
2026-04-28,J. LaCombe,8481605,ANA,EDM,D,0,Connor Ingram,Manual,377,0.2925,0.0662,0.3692,0.0576,0.1312,0.0367,0.0132,,,,,,,,,0,0,0,2,MISS,MISS,MISS,MISS,MISS,MISS,MISS
2026-04-28,J. Klingberg,8475906,EDM,ANA,D,1,Ville Husso,Fallback,315,0.2857,0.0662,0.3692,0.0786,0.1816,0.0683,0.0202,,,,,,,,,DNP,DNP,DNP,DNP,DNP,DNP,DNP,DNP,DNP,DNP,DNP
2026-04-28,D. Grant,8474683,ANA,EDM,C,0,Connor Ingram,Manual,1111,0.2515,0.1677,0.3692,0.0755,0.1731,0.0643,0.0202,,,,,,,,,DNP,DNP,DNP,DNP,DNP,DNP,DNP,DNP,DNP,DNP,DNP
2026-04-28,B. Byram,8481524,BUF,BOS,D,1,Joonas Korpisalo,Manual,376,0.3125,0.0662,0.3692,0.0846,0.1387,0.0594,0.0144,,,,,,,,,0,0,0,3,MISS,MISS,MISS,MISS,HIT,MISS,MISS
2026-04-28,R. Strome,8476458,ANA,EDM,C,0,Connor Ingram,Manual,377,0.2358,0.1487,0.3692,0.0584,0.1683,0.0643,0.0202,,,,,,,,,DNP,DNP,DNP,DNP,DNP,DNP,DNP,DNP,DNP,DNP,DNP
2026-04-28,O. Zellweger,8482803,ANA,EDM,D,0,Connor Ingram,Manual,378,0.2516,0.1073,0.3692,0.0755,0.2709,0.1137,0.0441,,,,,,,,,DNP,DNP,DNP,DNP,DNP,DNP,DNP,DNP,DNP,DNP,DNP
2026-04-28,J. Quinn,8482097,BUF,BOS,R,1,Joonas Korpisalo,Manual,376,0.2515,0.1811,0.3692,0.0755,0.2242,0.0741,0.0233,,,,,,,,,0,0,0,1,MISS,MISS,MISS,MISS,MISS,MISS,MISS
2026-04-28,C. Brown,8477015,EDM,ANA,R,1,Ville Husso,Fallback,315,0.2123,0.1811,0.3333,0.068,0.2242,0.0683,0.0202,,,,,,,,,DNP,DNP,DNP,DNP,DNP,DNP,DNP,DNP,DNP,DNP,DNP
2026-04-28,M. Johansson,8475149,MIN,DAL,L,0,Jake Oettinger,Manual,362,0.2181,0.1811,0.3312,0.0755,0.1816,0.0683,0.0202,,,,,,,,,0,0,0,1,MISS,MISS,MISS,MISS,MISS,MISS,MISS
2026-04-28,J. Khaira,8476915,MIN,DAL,L,0,Jake Oettinger,Manual,915,0.1832,0.1683,0.3272,0.0701,0.1683,0.0643,0.015,,,,,,,,,DNP,DNP,DNP,DNP,DNP,DNP,DNP,DNP,DNP,DNP,DNP
2026-04-28,M. Rossi,8482079,MIN,DAL,C,0,Jake Oettinger,Manual,362,0.2181,0.1677,0.3272,0.0755,0.1683,0.0818,0.0202,,,,,,,,,DNP,DNP,DNP,DNP,DNP,DNP,DNP,DNP,DNP,DNP,DNP
2026-04-28,M. Foligno,8475220,MIN,DAL,L,0,Jake Oettinger,Manual,362,0.2181,0.1811,0.3272,0.0725,0.1312,0.0643,0.0202,,,,,,,,,0,0,0,0,MISS,MISS,MISS,MISS,MISS,MISS,MISS
2026-04-28,J. Trouba,8476885,ANA,EDM,D,0,Connor Ingram,Manual,377,0.2181,0.0662,0.321,0.0447,0.1816,0.0818,0.0233,,,,,,,,,0,0,0,1,MISS,MISS,MISS,MISS,MISS,MISS,MISS
2026-04-28,F. Gaudreau,8477919,MIN,DAL,C,0,Jake Oettinger,Manual,362,0.218,0.1487,0.3162,0.0755,0.1387,0.0594,0.0132,,,,,,,,,DNP,DNP,DNP,DNP,DNP,DNP,DNP,DNP,DNP,DNP,DNP
2026-04-28,T. Johnson,8474870,BOS,BUF,C,0,Ukko-Pekka Luukkonen,Manual,502,0.2123,0.1677,0.3077,0.0447,0.1312,0.0594,0.015,,,,,,,,,DNP,DNP,DNP,DNP,DNP,DNP,DNP,DNP,DNP,DNP,DNP
2026-04-28,P. Krebs,8481522,BUF,BOS,C,1,Joonas Korpisalo,Manual,376,0.218,0.1487,0.3066,0.0357,0.0909,0.0291,0.0144,,,,,,,,,0,0,0,0,MISS,MISS,MISS,MISS,MISS,MISS,MISS
2026-04-28,R. Sheahan,8475772,BUF,BOS,C,1,Joonas Korpisalo,Manual,1256,0.1612,0.1194,0.2809,0.0357,0.1207,0.0367,0.0202,,,,,,,,,DNP,DNP,DNP,DNP,DNP,DNP,DNP,DNP,DNP,DNP,DNP
2026-04-28,F. Lysell,8482763,BOS,BUF,R,0,Ukko-Pekka Luukkonen,Manual,378,0.1729,0.1487,0.2809,0.0701,0.2679,0.0931,0.0293,,,,,,,,,DNP,DNP,DNP,DNP,DNP,DNP,DNP,DNP,DNP,DNP,DNP
2026-04-28,B. Biro,8482061,BUF,BOS,L,1,Joonas Korpisalo,Manual,875,0.1729,0.1334,0.2809,0.0447,0.0764,0.0196,0.0132,,,,,,,,,DNP,DNP,DNP,DNP,DNP,DNP,DNP,DNP,DNP,DNP,DNP
2026-04-28,K. Kapanen,8477953,EDM,ANA,R,1,Ville Husso,Fallback,315,0.1612,0.1487,0.2809,0.0447,0.1683,0.0594,0.0233,,,,,,,,,0,0,0,1,MISS,MISS,MISS,MISS,MISS,MISS,MISS
2026-04-28,M. Bourque,8482145,DAL,MIN,C,1,Jesper Wallstedt,Fallback,334,0.1612,0.1298,0.2809,0.0447,0.1312,0.0594,0.0132,,,,,,,,,0,0,0,1,MISS,MISS,MISS,MISS,MISS,MISS,MISS
2026-04-28,M. Poitras,8483505,BOS,BUF,C,0,Ukko-Pekka Luukkonen,Manual,418,0.2123,0.1073,0.2809,0.0357,0.066,0.0196,0.0096,,,,,,,,,DNP,DNP,DNP,DNP,DNP,DNP,DNP,DNP,DNP,DNP,DNP
2026-04-28,M. Lohrei,8482511,BOS,BUF,D,0,Ukko-Pekka Luukkonen,Manual,378,0.2516,0.0631,0.2809,0.0725,0.1034,0.0367,0.0132,,,,,,,,,DNP,DNP,DNP,DNP,DNP,DNP,DNP,DNP,DNP,DNP,DNP
2026-04-28,S. Steel,8479351,DAL,MIN,C,1,Jesper Wallstedt,Fallback,334,0.1748,0.1073,0.2809,0.0357,0.1034,0.0367,0.0132,,,,,,,,,0,0,0,1,MISS,MISS,MISS,MISS,MISS,MISS,MISS
2026-04-28,E. Dadonov,8474149,DAL,MIN,L,1,Jesper Wallstedt,Fallback,338,0.1559,0.1487,0.2809,0.0584,0.1683,0.0367,0.0144,,,,,,,,,DNP,DNP,DNP,DNP,DNP,DNP,DNP,DNP,DNP,DNP,DNP
2026-04-28,E. Lindell,8476902,DAL,MIN,D,1,Jesper Wallstedt,Fallback,334,0.2358,0.0631,0.2809,0.0357,0.1312,0.0367,0.0096,,,,,,,,,0,0,0,0,MISS,MISS,MISS,MISS,MISS,MISS,MISS
2026-04-28,J. Brodin,8476463,MIN,DAL,D,0,Jake Oettinger,Manual,362,0.2515,0.0662,0.2809,0.0447,0.1683,0.0594,0.0132,,,,,,,,,0,0,0,1,MISS,MISS,MISS,MISS,MISS,MISS,MISS
2026-04-28,B. Kulak,8476967,EDM,ANA,D,1,Ville Husso,Fallback,315,0.2613,0.0662,0.2809,0.0357,0.1683,0.0594,0.0132,,,,,,,,,DNP,DNP,DNP,DNP,DNP,DNP,DNP,DNP,DNP,DNP,DNP
2026-04-28,G. Nyquist,8474679,MIN,DAL,R,0,Jake Oettinger,Manual,362,0.218,0.1194,0.2809,0.0701,0.1207,0.0449,0.0132,,,,,,,,,DNP,DNP,DNP,DNP,DNP,DNP,DNP,DNP,DNP,DNP,DNP
2026-04-28,C. Dineen,8479341,EDM,ANA,D,1,Ville Husso,Fallback,377,0.1612,0.093,0.267,0.0447,0.1683,0.0594,0.0202,,,,,,,,,DNP,DNP,DNP,DNP,DNP,DNP,DNP,DNP,DNP,DNP,DNP
2026-04-28,B. McGinn,8476934,ANA,EDM,L,0,Connor Ingram,Manual,491,0.1461,0.1194,0.267,0.0224,0.1207,0.0367,0.0132,,,,,,,,,DNP,DNP,DNP,DNP,DNP,DNP,DNP,DNP,DNP,DNP,DNP
2026-04-28,N. Petan,8477464,MIN,DAL,C,0,Jake Oettinger,Manual,839,0.1612,0.1073,0.2578,0.0447,0.1207,0.0594,0.0144,,,,,,,,,DNP,DNP,DNP,DNP,DNP,DNP,DNP,DNP,DNP,DNP,DNP
2026-04-28,M. Dumba,8476856,DAL,MIN,D,1,Jesper Wallstedt,Fallback,377,0.2123,0.0631,0.2578,0.0357,0.1312,0.0367,0.0132,,,,,,,,,DNP,DNP,DNP,DNP,DNP,DNP,DNP,DNP,DNP,DNP,DNP
2026-04-28,P. Mintyukov,8483490,ANA,EDM,D,0,Connor Ingram,Manual,377,0.2515,0.0514,0.2578,0.0357,0.0764,0.0246,0.0044,,,,,,,,,0,0,0,2,MISS,MISS,MISS,MISS,MISS,MISS,MISS
2026-04-28,J. Silfverberg,8475164,ANA,EDM,R,0,Connor Ingram,Manual,740,0.1748,0.1334,0.2578,0.0447,0.1312,0.0449,0.0132,,,,,,,,,DNP,DNP,DNP,DNP,DNP,DNP,DNP,DNP,DNP,DNP,DNP
2026-04-28,M. Savoie,8483512,EDM,ANA,C,1,Ville Husso,Fallback,420,0.1461,0.1194,0.2578,0.0304,0.1207,0.0367,0.0144,,,,,,,,,0,0,0,0,MISS,MISS,MISS,MISS,MISS,MISS,MISS
2026-04-28,J. Middleton,8478136,MIN,DAL,D,0,Jake Oettinger,Manual,362,0.218,0.0631,0.2537,0.0357,0.1034,0.0594,0.0132,,,,,,,,,0,1,1,0,MISS,HIT,MISS,HIT,MISS,MISS,MISS
2026-04-28,J. Greenway,8478413,BUF,BOS,L,1,Joonas Korpisalo,Manual,401,0.1205,0.1677,0.2537,0.0315,0.1312,0.0367,0.0096,,,,,,,,,0,0,0,2,MISS,MISS,MISS,MISS,MISS,MISS,MISS
2026-04-28,S. Gagner,8474040,EDM,ANA,C,1,Ville Husso,Fallback,740,0.1158,0.1194,0.2537,0.0357,0.1312,0.0594,0.0202,,,,,,,,,DNP,DNP,DNP,DNP,DNP,DNP,DNP,DNP,DNP,DNP,DNP
2026-04-28,L. Ohgren,8483499,MIN,DAL,L,0,Jake Oettinger,Manual,405,0.1461,0.1073,0.24,0.0224,0.1034,0.0291,0.0044,,,,,,,,,DNP,DNP,DNP,DNP,DNP,DNP,DNP,DNP,DNP,DNP,DNP
2026-04-28,G. Gawdin,8478446,ANA,EDM,C,0,Connor Ingram,Manual,783,0.1172,0.1073,0.24,0.0224,0.0764,0.0254,0.015,,,,,,,,,DNP,DNP,DNP,DNP,DNP,DNP,DNP,DNP,DNP,DNP,DNP
2026-04-28,C. Ceci,8476879,DAL,MIN,D,1,Jesper Wallstedt,Fallback,334,0.2123,0.0526,0.24,0.0357,0.1034,0.0367,0.0096,,,,,,,,,DNP,DNP,DNP,DNP,DNP,DNP,DNP,DNP,DNP,DNP,DNP
2026-04-28,K. Shattenkirk,8474031,BOS,BUF,D,0,Ukko-Pekka Luukkonen,Manual,724,0.1559,0.0526,0.24,0.0357,0.1034,0.0254,0.0096,,,,,,,,,DNP,DNP,DNP,DNP,DNP,DNP,DNP,DNP,DNP,DNP,DNP
2026-04-28,C. Clifton,8477365,BUF,BOS,D,1,Joonas Korpisalo,Manual,376,0.1748,0.0526,0.24,0.0224,0.0764,0.0248,0.0096,,,,,,,,,DNP,DNP,DNP,DNP,DNP,DNP,DNP,DNP,DNP,DNP,DNP
2026-04-28,V. Lettieri,8479968,BOS,BUF,C,0,Ukko-Pekka Luukkonen,Manual,378,0.1461,0.1487,0.24,0.0357,0.1683,0.0643,0.0202,,,,,,,,,DNP,DNP,DNP,DNP,DNP,DNP,DNP,DNP,DNP,DNP,DNP
2026-04-28,D. Helleson,8481563,ANA,EDM,D,0,Connor Ingram,Manual,377,0.1748,0.0526,0.24,0.0224,0.1207,0.0367,0.0132,,,,,,,,,0,0,0,1,MISS,MISS,MISS,MISS,MISS,MISS,MISS
2026-04-28,T. Luneau,8483482,ANA,EDM,D,0,Connor Ingram,Manual,548,0.2123,0.0526,0.24,0.0224,0.1034,0.0367,0.0144,,,,,,,,,DNP,DNP,DNP,DNP,DNP,DNP,DNP,DNP,DNP,DNP,DNP
2026-04-28,I. Moore,8482178,ANA,EDM,D,0,Connor Ingram,Manual,377,0.1612,0.0526,0.24,0.0315,0.1683,0.0594,0.015,,,,,,,,,0,0,0,1,MISS,MISS,MISS,MISS,MISS,MISS,MISS
2026-04-28,R. Gudas,8475462,ANA,EDM,D,0,Connor Ingram,Manual,377,0.1832,0.0448,0.24,0.0224,0.0909,0.0254,0.0044,,,,,,,,,DNP,DNP,DNP,DNP,DNP,DNP,DNP,DNP,DNP,DNP,DNP
2026-04-28,T. Frederic,8479365,EDM,ANA,C,1,Ville Husso,Fallback,315,0.1176,0.1194,0.24,0.0357,0.1312,0.0367,0.015,,,,,,,,,DNP,DNP,DNP,DNP,DNP,DNP,DNP,DNP,DNP,DNP,DNP
2026-04-28,A. Strand,8480467,ANA,EDM,D,0,Connor Ingram,Manual,1254,0.1559,0.0631,0.24,0.0224,0.1312,0.0556,0.015,,,,,,,,,DNP,DNP,DNP,DNP,DNP,DNP,DNP,DNP,DNP,DNP,DNP
2026-04-28,S. Harrington,8476449,ANA,EDM,D,0,Connor Ingram,Manual,1119,0.2123,0.0415,0.24,0.0224,0.066,0.0149,0.0044,,,,,,,,,DNP,DNP,DNP,DNP,DNP,DNP,DNP,DNP,DNP,DNP,DNP
2026-04-28,V. Hinostroza,8476994,MIN,DAL,C,0,Jake Oettinger,Manual,367,0.1461,0.1194,0.24,0.0357,0.1207,0.0254,0.015,,,,,,,,,DNP,DNP,DNP,DNP,DNP,DNP,DNP,DNP,DNP,DNP,DNP
2026-04-28,Q. Hutson,8485511,EDM,ANA,R,1,Ville Husso,Fallback,377,0.1461,0.0662,0.2301,0.0315,0.0538,0.0149,0.0044,,,,,,,,,DNP,DNP,DNP,DNP,DNP,DNP,DNP,DNP,DNP,DNP,DNP
2026-04-28,F. Minten,8483489,BOS,BUF,C,0,Ukko-Pekka Luukkonen,Manual,378,0.1176,0.1487,0.2301,0.0224,0.1207,0.0367,0.0096,,,,,,,,,0,0,0,1,MISS,MISS,MISS,MISS,MISS,MISS,MISS
2026-04-28,R. Duran,8482213,BOS,BUF,C,0,Ukko-Pekka Luukkonen,Manual,380,0.1176,0.1194,0.2207,0.0315,0.1387,0.0594,0.015,,,,,,,,,DNP,DNP,DNP,DNP,DNP,DNP,DNP,DNP,DNP,DNP,DNP
2026-04-28,P. Regenda,8483630,ANA,EDM,L,0,Connor Ingram,Manual,772,0.1097,0.0938,0.2207,0.011,0.0764,0.0367,0.0044,,,,,,,,,DNP,DNP,DNP,DNP,DNP,DNP,DNP,DNP,DNP,DNP,DNP
2026-04-28,N. Nesterenko,8481754,ANA,EDM,C,0,Connor Ingram,Manual,380,0.0884,0.0798,0.2131,0.011,0.1034,0.0254,0.0096,,,,,,,,,DNP,DNP,DNP,DNP,DNP,DNP,DNP,DNP,DNP,DNP,DNP
2026-04-28,B. Leason,8481517,ANA,EDM,R,0,Connor Ingram,Manual,377,0.1158,0.0938,0.2131,0.011,0.0538,0.0149,0.0025,,,,,,,,,DNP,DNP,DNP,DNP,DNP,DNP,DNP,DNP,DNP,DNP,DNP
2026-04-28,I. Lundestrom,8480806,ANA,EDM,C,0,Connor Ingram,Manual,377,0.1158,0.0662,0.2131,0.0121,0.039,0.012,0.0025,,,,,,,,,DNP,DNP,DNP,DNP,DNP,DNP,DNP,DNP,DNP,DNP,DNP
2026-04-28,O. Kylington,8478430,ANA,EDM,D,0,Connor Ingram,Manual,384,0.1559,0.0415,0.2131,0.0187,0.0198,0.0085,0.0025,,,,,,,,,DNP,DNP,DNP,DNP,DNP,DNP,DNP,DNP,DNP,DNP,DNP
2026-04-28,Z. Buium,8484798,MIN,DAL,D,0,Jake Oettinger,Manual,367,0.1748,0.0448,0.2131,0.0357,0.0597,0.0196,0.0096,,,,,,,,,DNP,DNP,DNP,DNP,DNP,DNP,DNP,DNP,DNP,DNP,DNP
2026-04-28,M. Janmark,8477406,EDM,ANA,C,1,Ville Husso,Fallback,315,0.1176,0.0798,0.2131,0.0304,0.0909,0.0149,0.0044,,,,,,,,,DNP,DNP,DNP,DNP,DNP,DNP,DNP,DNP,DNP,DNP,DNP
2026-04-28,V. Podkolzin,8481617,EDM,ANA,R,1,Ville Husso,Fallback,315,0.1158,0.1073,0.2131,0.0224,0.1207,0.0254,0.0096,,,,,,,,,1,0,1,1,HIT,HIT,MISS,MISS,MISS,MISS,MISS
2026-04-28,M. Jones,8479368,EDM,ANA,L,1,Ville Husso,Fallback,377,0.1158,0.0662,0.2131,0.0224,0.1207,0.0367,0.0096,,,,,,,,,DNP,DNP,DNP,DNP,DNP,DNP,DNP,DNP,DNP,DNP,DNP
2026-04-28,L. Rousek,8481751,BUF,BOS,R,1,Joonas Korpisalo,Manual,745,0.1461,0.0668,0.2131,0.0224,0.0416,0.0085,0.0044,,,,,,,,,DNP,DNP,DNP,DNP,DNP,DNP,DNP,DNP,DNP,DNP,DNP
2026-04-28,S. Lafferty,8478043,BUF,BOS,C,1,Joonas Korpisalo,Manual,376,0.1158,0.093,0.2131,0.0224,0.066,0.0196,0.0044,,,,,,,,,DNP,DNP,DNP,DNP,DNP,DNP,DNP,DNP,DNP,DNP,DNP
2026-04-28,C. Koepke,8481043,BOS,BUF,L,0,Ukko-Pekka Luukkonen,Manual,378,0.1158,0.1194,0.2131,0.0224,0.066,0.0367,0.0096,,,,,,,,,DNP,DNP,DNP,DNP,DNP,DNP,DNP,DNP,DNP,DNP,DNP
2026-04-28,T. Kozak,8482896,BUF,BOS,C,1,Joonas Korpisalo,Manual,392,0.1172,0.1073,0.2131,0.0224,0.0416,0.012,0.0044,,,,,,,,,0,0,0,1,MISS,MISS,MISS,MISS,MISS,MISS,MISS
2026-04-28,G. Merkulov,8483567,BOS,BUF,C,0,Ukko-Pekka Luukkonen,Manual,420,0.1158,0.093,0.1925,0.0224,0.066,0.0196,0.0096,,,,,,,,,DNP,DNP,DNP,DNP,DNP,DNP,DNP,DNP,DNP,DNP,DNP
2026-04-28,N. Zadorov,8477507,BOS,BUF,D,0,Ukko-Pekka Luukkonen,Manual,378,0.1612,0.0514,0.1925,0.0224,0.1207,0.0367,0.0096,,,,,,,,,0,0,0,2,MISS,MISS,MISS,MISS,MISS,MISS,MISS
2026-04-28,I. Rosen,8482765,BUF,BOS,R,1,Joonas Korpisalo,Manual,376,0.1158,0.1334,0.1925,0.0224,0.0764,0.0367,0.0096,,,,,,,,,DNP,DNP,DNP,DNP,DNP,DNP,DNP,DNP,DNP,DNP,DNP
2026-04-28,M. Samuelsson,8480807,BUF,BOS,D,1,Joonas Korpisalo,Manual,376,0.1832,0.0448,0.1925,0.0224,0.0597,0.0196,0.0096,,,,,,,,,0,0,0,2,MISS,MISS,MISS,MISS,MISS,MISS,MISS
2026-04-28,J. Cramarossa,8476390,MIN,DAL,C,0,Jake Oettinger,Manual,1262,0.1176,0.1194,0.1925,0.0357,0.0764,0.0196,0.015,,,,,,,,,DNP,DNP,DNP,DNP,DNP,DNP,DNP,DNP,DNP,DNP,DNP
2026-04-28,T. Boyd,8476329,MIN,DAL,C,0,Jake Oettinger,Manual,493,0.1461,0.0798,0.1925,0.0447,0.0416,0.0149,0.0096,,,,,,,,,DNP,DNP,DNP,DNP,DNP,DNP,DNP,DNP,DNP,DNP,DNP
2026-04-28,D. Chisholm,8480990,MIN,DAL,D,0,Jake Oettinger,Manual,381,0.1461,0.0415,0.1925,0.0304,0.066,0.0196,0.0044,,,,,,,,,DNP,DNP,DNP,DNP,DNP,DNP,DNP,DNP,DNP,DNP,DNP
2026-04-28,H. Jokiharju,8480035,BOS,BUF,D,0,Ukko-Pekka Luukkonen,Manual,378,0.2123,0.0448,0.1925,0.0224,0.0764,0.0196,0.0044,,,,,,,,,0,0,0,2,MISS,MISS,MISS,MISS,MISS,MISS,MISS
2026-04-28,N. Lundkvist,8480878,DAL,MIN,D,1,Jesper Wallstedt,Fallback,462,0.1729,0.0514,0.1925,0.0224,0.1312,0.0367,0.0096,,,,,,,,,DNP,DNP,DNP,DNP,DNP,DNP,DNP,DNP,DNP,DNP,DNP
2026-04-28,M. Blümel,8481712,DAL,MIN,R,1,Jesper Wallstedt,Fallback,462,0.1097,0.1298,0.1925,0.0224,0.1312,0.0556,0.015,,,,,,,,,DNP,DNP,DNP,DNP,DNP,DNP,DNP,DNP,DNP,DNP,DNP
2026-04-28,T. Washe,8485512,ANA,EDM,C,0,Connor Ingram,Manual,377,0.1158,0.0631,0.1925,0.011,0.0416,0.0149,0.0044,,,,,,,,,0,0,0,0,MISS,MISS,MISS,MISS,MISS,MISS,MISS
2026-04-28,C. Blackwell,8476278,DAL,MIN,C,1,Jesper Wallstedt,Fallback,334,0.1097,0.1073,0.1925,0.0187,0.1207,0.0367,0.0096,,,,,,,,,0,0,0,0,MISS,MISS,MISS,MISS,MISS,MISS,MISS
2026-04-28,R. Murray,8476850,EDM,ANA,D,1,Ville Husso,Fallback,1254,0.1559,0.0514,0.1925,0.0224,0.0538,0.0196,0.0096,,,,,,,,,DNP,DNP,DNP,DNP,DNP,DNP,DNP,DNP,DNP,DNP,DNP
2026-04-28,N. Ostlund,8483500,BUF,BOS,C,1,Joonas Korpisalo,Manual,376,0.1172,0.0668,0.185,0.0224,0.0538,0.012,0.0044,,,,,,,,,0,0,0,2,MISS,MISS,MISS,MISS,MISS,MISS,MISS
2026-04-28,A. Hyry,8484938,DAL,MIN,R,1,Jesper Wallstedt,Fallback,472,0.1097,0.0631,0.185,0.0224,0.066,0.0196,0.0096,,,,,,,,,0,0,0,0,MISS,MISS,MISS,MISS,MISS,MISS,MISS
2026-04-28,B. Malenstyn,8479359,BUF,BOS,L,1,Joonas Korpisalo,Manual,380,0.1097,0.1073,0.185,0.0121,0.066,0.0254,0.0096,,,,,,,,,0,0,0,0,MISS,MISS,MISS,MISS,MISS,MISS,MISS
2026-04-28,M. Lucic,8473473,BOS,BUF,L,0,Ukko-Pekka Luukkonen,Manual,920,0.1158,0.0798,0.185,0.011,0.0431,0.0149,0.0044,,,,,,,,,DNP,DNP,DNP,DNP,DNP,DNP,DNP,DNP,DNP,DNP,DNP
2026-04-28,M. Khusnutdinov,8482177,BOS,BUF,C,0,Ukko-Pekka Luukkonen,Manual,378,0.1461,0.0798,0.185,0.0357,0.0416,0.0149,0.0044,,,,,,,,,0,0,0,1,MISS,MISS,MISS,MISS,MISS,MISS,MISS
2026-04-28,J. Megna,8477126,BOS,BUF,C,0,Ukko-Pekka Luukkonen,Manual,742,0.1172,0.0668,0.185,0.0224,0.066,0.0196,0.0044,,,,,,,,,DNP,DNP,DNP,DNP,DNP,DNP,DNP,DNP,DNP,DNP,DNP
2026-04-28,B. Smith,8474090,DAL,MIN,D,1,Jesper Wallstedt,Fallback,377,0.1461,0.0514,0.185,0.0224,0.066,0.0196,0.0044,,,,,,,,,DNP,DNP,DNP,DNP,DNP,DNP,DNP,DNP,DNP,DNP,DNP
2026-04-28,C. White,8478841,ANA,EDM,D,0,Connor Ingram,Manual,1111,0.1461,0.0278,0.185,0.011,0.039,0.012,0.0044,,,,,,,,,DNP,DNP,DNP,DNP,DNP,DNP,DNP,DNP,DNP,DNP,DNP
2026-04-28,J. Harkins,8478424,ANA,EDM,C,0,Connor Ingram,Manual,378,0.1097,0.0668,0.185,0.011,0.0597,0.0196,0.0044,,,,,,,,,DNP,DNP,DNP,DNP,DNP,DNP,DNP,DNP,DNP,DNP,DNP
2026-04-28,O. Bäck,8480840,DAL,MIN,C,1,Jesper Wallstedt,Fallback,336,0.1158,0.0662,0.185,0.0187,0.0416,0.0085,0.0025,,,,,,,,,0,0,0,0,MISS,MISS,MISS,MISS,MISS,MISS,MISS
2026-04-28,O. Wahlstrom,8480789,BOS,BUF,R,0,Ukko-Pekka Luukkonen,Manual,427,0.1097,0.1194,0.185,0.0224,0.1034,0.0367,0.015,,,,,,,,,DNP,DNP,DNP,DNP,DNP,DNP,DNP,DNP,DNP,DNP,DNP
2026-04-28,Y. Trenin,8478508,MIN,DAL,C,0,Jake Oettinger,Manual,362,0.1097,0.0668,0.185,0.0187,0.066,0.0254,0.0132,,,,,,,,,0,1,1,1,MISS,HIT,MISS,HIT,MISS,MISS,MISS
2026-04-28,G. Lindstrom,8480184,ANA,EDM,D,0,Connor Ingram,Manual,740,0.1559,0.0144,0.185,0.011,0.0198,0.0085,0.0025,,,,,,,,,DNP,DNP,DNP,DNP,DNP,DNP,DNP,DNP,DNP,DNP,DNP
2026-04-28,A. Goligoski,8471274,MIN,DAL,D,0,Jake Oettinger,Manual,740,0.1205,0.0514,0.185,0.0224,0.0453,0.0149,0.0044,,,,,,,,,DNP,DNP,DNP,DNP,DNP,DNP,DNP,DNP,DNP,DNP,DNP
2026-04-28,D.Jiricek,8483460,MIN,DAL,D,0,Jake Oettinger,Manual,463,0.1172,0.0415,0.185,0.011,0.0416,0.0149,0.0025,,,,,,,,,DNP,DNP,DNP,DNP,DNP,DNP,DNP,DNP,DNP,DNP,DNP
2026-04-28,J. Hryckowian,8484829,DAL,MIN,C,1,Jesper Wallstedt,Fallback,464,0.0884,0.0798,0.185,0.0224,0.066,0.0196,0.015,,,,,,,,,0,0,0,0,MISS,MISS,MISS,MISS,MISS,MISS,MISS
2026-04-28,A. Peeke,8479369,BOS,BUF,D,0,Ukko-Pekka Luukkonen,Manual,378,0.1461,0.0514,0.185,0.011,0.066,0.0254,0.0096,,,,,,,,,0,0,0,0,MISS,MISS,MISS,MISS,MISS,MISS,MISS
2026-04-28,J. Dunne,8482623,BUF,BOS,C,1,Joonas Korpisalo,Manual,397,0.1097,0.0662,0.1772,0.0121,0.0538,0.0149,0.0044,,,,,,,,,DNP,DNP,DNP,DNP,DNP,DNP,DNP,DNP,DNP,DNP,DNP
2026-04-28,K. Capobianco,8478476,DAL,MIN,D,1,Jesper Wallstedt,Fallback,452,0.1158,0.0631,0.1667,0.0224,0.066,0.0196,0.0096,,,,,,,,,DNP,DNP,DNP,DNP,DNP,DNP,DNP,DNP,DNP,DNP,DNP
2026-04-28,R. Johnson,8481564,BUF,BOS,D,1,Joonas Korpisalo,Manual,500,0.1461,0.0448,0.1625,0.0224,0.0597,0.0196,0.0096,,,,,,,,,DNP,DNP,DNP,DNP,DNP,DNP,DNP,DNP,DNP,DNP,DNP
2026-04-28,K. Clague,8479348,BUF,BOS,D,1,Joonas Korpisalo,Manual,747,0.1559,0.0405,0.1625,0.0224,0.0538,0.0149,0.0044,,,,,,,,,DNP,DNP,DNP,DNP,DNP,DNP,DNP,DNP,DNP,DNP,DNP
2026-04-28,T. Emberson,8480834,EDM,ANA,D,1,Ville Husso,Fallback,353,0.1061,0.0448,0.1625,0.0121,0.039,0.0085,0.0044,,,,,,,,,0,0,0,1,MISS,MISS,MISS,MISS,MISS,MISS,MISS
2026-04-28,J. Brown,8477384,EDM,ANA,D,1,Ville Husso,Fallback,372,0.1158,0.0514,0.161,0.0187,0.0764,0.0246,0.0049,,,,,,,,,DNP,DNP,DNP,DNP,DNP,DNP,DNP,DNP,DNP,DNP,DNP
2026-04-28,Z. Bogosian,8474567,MIN,DAL,D,0,Jake Oettinger,Manual,362,0.1205,0.0415,0.161,0.0224,0.0538,0.0196,0.0025,,,,,,,,,0,0,0,0,MISS,MISS,MISS,MISS,MISS,MISS,MISS
2026-04-28,B. Murray,8479419,BUF,BOS,L,1,Joonas Korpisalo,Manual,401,0.1097,0.0798,0.161,0.0121,0.0538,0.0149,0.0096,,,,,,,,,DNP,DNP,DNP,DNP,DNP,DNP,DNP,DNP,DNP,DNP,DNP
2026-04-28,J. Lauko,8480880,BOS,BUF,C,0,Ukko-Pekka Luukkonen,Manual,378,0.1097,0.0662,0.161,0.011,0.0538,0.0149,0.0044,,,,,,,,,DNP,DNP,DNP,DNP,DNP,DNP,DNP,DNP,DNP,DNP,DNP
2026-04-28,F. Karlstrom,8479518,DAL,MIN,C,1,Jesper Wallstedt,Fallback,1153,0.0884,0.0798,0.161,0.011,0.1034,0.0196,0.0096,,,,,,,,,DNP,DNP,DNP,DNP,DNP,DNP,DNP,DNP,DNP,DNP,DNP
2026-04-28,L. Pilut,8480935,BUF,BOS,D,1,Joonas Korpisalo,Manual,1226,0.1176,0.0514,0.1443,0.0224,0.0538,0.0149,0.0025,,,,,,,,,DNP,DNP,DNP,DNP,DNP,DNP,DNP,DNP,DNP,DNP,DNP
2026-04-28,J. Merrill,8475750,MIN,DAL,D,0,Jake Oettinger,Manual,362,0.1461,0.0144,0.1443,0.0224,0.0198,0.0085,0.0025,,,,,,,,,DNP,DNP,DNP,DNP,DNP,DNP,DNP,DNP,DNP,DNP,DNP
2026-04-28,N. Beaulieu,8476470,ANA,EDM,D,0,Connor Ingram,Manual,1113,0.1461,0.0144,0.1443,0.011,0.0453,0.0149,0.0025,,,,,,,,,DNP,DNP,DNP,DNP,DNP,DNP,DNP,DNP,DNP,DNP,DNP
2026-04-28,T. Stecher,8479442,EDM,ANA,D,1,Ville Husso,Fallback,318,0.1158,0.0514,0.1443,0.0224,0.066,0.0196,0.0044,,,,,,,,,DNP,DNP,DNP,DNP,DNP,DNP,DNP,DNP,DNP,DNP,DNP
2026-04-28,R. Johnston,8477527,ANA,EDM,L,0,Connor Ingram,Manual,412,0.1061,0.0526,0.1443,0.011,0.0198,0.012,0.0025,,,,,,,,,0,0,0,0,MISS,MISS,MISS,MISS,MISS,MISS,MISS
2026-04-28,L. Bichsel,8483425,DAL,MIN,D,1,Jesper Wallstedt,Fallback,334,0.1158,0.0448,0.1443,0.011,0.0597,0.0196,0.0044,,,,,,,,,0,0,0,1,MISS,MISS,MISS,MISS,MISS,MISS,MISS
2026-04-28,I. Lyubushkin,8480950,DAL,MIN,D,1,Jesper Wallstedt,Fallback,342,0.1176,0.0144,0.1443,0.011,0.0416,0.012,0.0025,,,,,,,,,0,0,0,0,MISS,MISS,MISS,MISS,MISS,MISS,MISS
2026-04-28,I. Mitchell,8480070,BOS,BUF,D,0,Ukko-Pekka Luukkonen,Manual,380,0.1176,0.0144,0.1433,0.011,0.0198,0.0085,0.0044,,,,,,,,,DNP,DNP,DNP,DNP,DNP,DNP,DNP,DNP,DNP,DNP,DNP
2026-04-28,P. Brown,8477887,BOS,BUF,C,0,Ukko-Pekka Luukkonen,Manual,390,0.0877,0.0662,0.1433,0.011,0.0431,0.012,0.0044,,,,,,,,,DNP,DNP,DNP,DNP,DNP,DNP,DNP,DNP,DNP,DNP,DNP
2026-04-28,J. Bryson,8480196,BUF,BOS,D,1,Joonas Korpisalo,Manual,376,0.1461,0.0405,0.1433,0.0224,0.0307,0.0085,0.0025,,,,,,,,,DNP,DNP,DNP,DNP,DNP,DNP,DNP,DNP,DNP,DNP,DNP
2026-04-28,J. Viel,8479705,BOS,BUF,L,0,Ukko-Pekka Luukkonen,Manual,392,0.0427,0.0798,0.1433,0.011,0.0538,0.0149,0.0096,,,,,,,,,0,0,0,3,MISS,MISS,MISS,MISS,HIT,MISS,MISS
2026-04-28,J. Bernard-Docker,8480879,BUF,BOS,D,1,Joonas Korpisalo,Manual,376,0.1176,0.0405,0.1433,0.0224,0.039,0.0149,0.0044,,,,,,,,,DNP,DNP,DNP,DNP,DNP,DNP,DNP,DNP,DNP,DNP,DNP
2026-04-28,B. Malone,8474089,EDM,ANA,C,1,Ville Husso,Fallback,1232,0.0877,0.0798,0.1433,0.011,0.0764,0.0196,0.0096,,,,,,,,,DNP,DNP,DNP,DNP,DNP,DNP,DNP,DNP,DNP,DNP,DNP
2026-04-28,T. Dermott,8478408,MIN,DAL,D,0,Jake Oettinger,Manual,457,0.1172,0.0144,0.1433,0.011,0.001,0.0064,0.0019,,,,,,,,,DNP,DNP,DNP,DNP,DNP,DNP,DNP,DNP,DNP,DNP,DNP
2026-04-28,R. Johnson,8481147,MIN,DAL,C,0,Jake Oettinger,Manual,500,0.1061,0.0662,0.1433,0.0121,0.0416,0.0196,0.0044,,,,,,,,,DNP,DNP,DNP,DNP,DNP,DNP,DNP,DNP,DNP,DNP,DNP
2026-04-28,D. Hunt,8482094,MIN,DAL,D,0,Jake Oettinger,Manual,560,0.1172,0.0415,0.1433,0.0224,0.0453,0.0196,0.0096,,,,,,,,,DNP,DNP,DNP,DNP,DNP,DNP,DNP,DNP,DNP,DNP,DNP
2026-04-28,D. Ryan,8478585,EDM,ANA,C,1,Ville Husso,Fallback,380,0.1097,0.0662,0.1433,0.0224,0.0198,0.0085,0.0044,,,,,,,,,DNP,DNP,DNP,DNP,DNP,DNP,DNP,DNP,DNP,DNP,DNP
2026-04-28,N. Philp,8481491,EDM,ANA,C,1,Ville Husso,Fallback,380,0.1017,0.0662,0.1433,0.011,0.066,0.0149,0.0044,,,,,,,,,DNP,DNP,DNP,DNP,DNP,DNP,DNP,DNP,DNP,DNP,DNP
2026-04-28,J. Beecher,8481556,BOS,BUF,C,0,Ukko-Pekka Luukkonen,Manual,383,0.1097,0.0662,0.1433,0.011,0.039,0.012,0.0025,,,,,,,,,DNP,DNP,DNP,DNP,DNP,DNP,DNP,DNP,DNP,DNP,DNP
2026-04-28,D. Pouliot,8476884,DAL,MIN,D,1,Jesper Wallstedt,Fallback,792,0.1158,0.0405,0.1433,0.011,0.0453,0.0149,0.0025,,,,,,,,,DNP,DNP,DNP,DNP,DNP,DNP,DNP,DNP,DNP,DNP,DNP
2026-04-28,M. Callahan,8480828,BOS,BUF,D,0,Ukko-Pekka Luukkonen,Manual,383,0.1461,0.0405,0.1433,0.011,0.0198,0.0085,0.0044,,,,,,,,,DNP,DNP,DNP,DNP,DNP,DNP,DNP,DNP,DNP,DNP,DNP
2026-04-28,S. Fogarty,8476396,MIN,DAL,C,0,Jake Oettinger,Manual,1272,0.1097,0.0662,0.1433,0.011,0.0453,0.0149,0.0044,,,,,,,,,DNP,DNP,DNP,DNP,DNP,DNP,DNP,DNP,DNP,DNP,DNP
2026-04-28,A. Petrovic,8475755,DAL,MIN,D,1,Jesper Wallstedt,Fallback,334,0.1097,0.0405,0.1433,0.011,0.0538,0.0149,0.0044,,,,,,,,,DNP,DNP,DNP,DNP,DNP,DNP,DNP,DNP,DNP,DNP,DNP
2026-04-28,A. Beckman,8481550,MIN,DAL,L,0,Jake Oettinger,Manual,746,0.1097,0.0662,0.1433,0.0121,0.0538,0.0196,0.0096,,,,,,,,,DNP,DNP,DNP,DNP,DNP,DNP,DNP,DNP,DNP,DNP,DNP
2026-04-28,S. Walker,8480267,MIN,DAL,C,0,Jake Oettinger,Manual,845,0.1158,0.0631,0.1433,0.0224,0.0416,0.0149,0.0025,,,,,,,,,DNP,DNP,DNP,DNP,DNP,DNP,DNP,DNP,DNP,DNP,DNP
2026-04-28,D. Caggiula,8479465,EDM,ANA,L,1,Ville Husso,Fallback,511,0.0884,0.0662,0.1433,0.011,0.0529,0.0149,0.0044,,,,,,,,,DNP,DNP,DNP,DNP,DNP,DNP,DNP,DNP,DNP,DNP,DNP
2026-04-28,C. Crotty,8480075,MIN,DAL,D,0,Jake Oettinger,Manual,381,0.1158,0.0514,0.1433,0.0121,0.0538,0.0196,0.0096,,,,,,,,,DNP,DNP,DNP,DNP,DNP,DNP,DNP,DNP,DNP,DNP,DNP
2026-04-28,M. Niemelainen,8479338,EDM,ANA,D,1,Ville Husso,Fallback,1207,0.0884,0.0448,0.1433,0.011,0.0597,0.0196,0.0044,,,,,,,,,DNP,DNP,DNP,DNP,DNP,DNP,DNP,DNP,DNP,DNP,DNP
2026-04-28,B. Groulx,8480870,ANA,EDM,C,0,Connor Ingram,Manual,746,0.0877,0.0631,0.1433,0.001,0.0198,0.0064,0.0025,,,,,,,,,DNP,DNP,DNP,DNP,DNP,DNP,DNP,DNP,DNP,DNP,DNP
2026-04-28,J. Hamblin,8480468,EDM,ANA,L,1,Ville Husso,Fallback,831,0.0877,0.0631,0.1295,0.011,0.0198,0.0085,0.0044,,,,,,,,,DNP,DNP,DNP,DNP,DNP,DNP,DNP,DNP,DNP,DNP,DNP
2026-04-28,B. Gaunce,8476867,MIN,DAL,C,0,Jake Oettinger,Manual,399,0.0884,0.0631,0.1295,0.011,0.0416,0.0149,0.0044,,,,,,,,,DNP,DNP,DNP,DNP,DNP,DNP,DNP,DNP,DNP,DNP,DNP
2026-04-28,J. Brazeau,8479638,MIN,DAL,R,0,Jake Oettinger,Manual,362,0.1097,0.0662,0.1295,0.0224,0.0416,0.0149,0.0044,,,,,,,,,DNP,DNP,DNP,DNP,DNP,DNP,DNP,DNP,DNP,DNP,DNP
2026-04-28,T. Benson,8479347,EDM,ANA,L,1,Ville Husso,Fallback,1242,0.0884,0.0662,0.1295,0.011,0.0597,0.0149,0.0044,,,,,,,,,0,0,0,2,MISS,MISS,MISS,MISS,MISS,MISS,MISS
2026-04-28,P. Wotherspoon,8478450,BOS,BUF,D,0,Ukko-Pekka Luukkonen,Manual,378,0.1172,0.0405,0.1295,0.011,0.039,0.012,0.0044,,,,,,,,,DNP,DNP,DNP,DNP,DNP,DNP,DNP,DNP,DNP,DNP,DNP
2026-04-28,M. Shaw,8479972,MIN,DAL,C,0,Jake Oettinger,Manual,743,0.0884,0.0662,0.1295,0.0224,0.0538,0.0196,0.0096,,,,,,,,,DNP,DNP,DNP,DNP,DNP,DNP,DNP,DNP,DNP,DNP,DNP
2026-04-28,M. Kastelic,8480355,BOS,BUF,C,0,Ukko-Pekka Luukkonen,Manual,404,0.0427,0.0631,0.1102,0.011,0.0416,0.0149,0.0025,,,,,,,,,0,0,0,0,MISS,MISS,MISS,MISS,MISS,MISS,MISS
2026-04-28,O. Steen,8479546,BOS,BUF,C,0,Ukko-Pekka Luukkonen,Manual,803,0.033,0.0526,0.1102,0.011,0.0198,0.0064,0.0025,,,,,,,,,DNP,DNP,DNP,DNP,DNP,DNP,DNP,DNP,DNP,DNP,DNP
2026-04-28,J. Zboril,8478415,BOS,BUF,D,0,Ukko-Pekka Luukkonen,Manual,1115,0.1097,0.0144,0.1102,0.011,0.001,0.0085,0.0044,,,,,,,,,DNP,DNP,DNP,DNP,DNP,DNP,DNP,DNP,DNP,DNP,DNP
2026-04-28,R. Tufte,8479362,BOS,BUF,L,0,Ukko-Pekka Luukkonen,Manual,418,0.0833,0.0631,0.1102,0.011,0.039,0.0085,0.0025,,,,,,,,,DNP,DNP,DNP,DNP,DNP,DNP,DNP,DNP,DNP,DNP,DNP
2026-04-28,A. Stralman,8471873,BOS,BUF,D,0,Ukko-Pekka Luukkonen,Manual,1250,0.1097,0.0144,0.1102,0.011,0.0198,0.0085,0.0025,,,,,,,,,DNP,DNP,DNP,DNP,DNP,DNP,DNP,DNP,DNP,DNP,DNP
2026-04-28,A. Erne,8477454,EDM,ANA,L,1,Ville Husso,Fallback,740,0.0877,0.0631,0.1102,0.011,0.0198,0.0085,0.0044,,,,,,,,,DNP,DNP,DNP,DNP,DNP,DNP,DNP,DNP,DNP,DNP,DNP
2026-04-28,A. Raska,8482197,MIN,DAL,R,0,Jake Oettinger,Manual,828,0.0877,0.0631,0.1102,0.011,0.0198,0.0064,0.0025,,,,,,,,,DNP,DNP,DNP,DNP,DNP,DNP,DNP,DNP,DNP,DNP,DNP
2026-04-28,B. Jones,8480259,MIN,DAL,C,0,Jake Oettinger,Manual,468,0.0833,0.0612,0.1102,0.011,0.0307,0.0149,0.0044,,,,,,,,,DNP,DNP,DNP,DNP,DNP,DNP,DNP,DNP,DNP,DNP,DNP
2026-04-28,D. Shore,8476913,MIN,DAL,C,0,Jake Oettinger,Manual,387,0.1017,0.0514,0.1102,0.011,0.039,0.0085,0.0019,,,,,,,,,DNP,DNP,DNP,DNP,DNP,DNP,DNP,DNP,DNP,DNP,DNP
