pred_date,away_team,home_team,pick,prob_home,confidence,conf_label,home_goalie,away_goalie,home_goalie_status,away_goalie_status,home_ml,away_ml,market_implied,edge,actual_winner,home_goals,away_goals,result,day_of_week,is_weekend,home_b2b,away_b2b,home_rest_days,away_rest_days,raw_prob_home
2026-03-03,PIT,BOS,BOS,0.5631,0.5631,★   LOW,Jeremy Swayman,Stuart Skinner,Confirmed,Fallback,-120.0,100.0,0.5455,0.0177,BOS,2.0,1.0,W,Tuesday,0.0,0.0,0.0,3.0,2.0,
2026-03-03,VGK,BUF,BUF,0.5013,0.5013,SKIP,Alex Lyon,Akira Schmid,Fallback,Likely,-120.0,100.0,0.5455,-0.0442,BUF,3.0,2.0,W,Tuesday,0.0,0.0,0.0,3.0,2.0,
2026-03-03,FLA,NJD,NJD,0.5239,0.5239,★   LOW,Jacob Markstrom,Sergei Bobrovsky,Likely,Confirmed,-110.0,-110.0,0.5238,0.0001,NJD,5.0,1.0,W,Tuesday,0.0,0.0,0.0,3.0,2.0,
2026-03-03,UTA,WSH,WSH,0.5818,0.5818,★★  MED,Logan Thompson,Karel Vejmelka,Confirmed,Likely,-125.0,105.0,0.5556,0.0263,UTA,2.0,3.0,L,Tuesday,0.0,0.0,0.0,3.0,2.0,
2026-03-03,NSH,CBJ,CBJ,0.5744,0.5744,★   LOW,Jet Greaves,Justus Annunen,Unconfirmed,Unconfirmed,-148.0,124.0,0.5968,-0.0224,CBJ,3.0,2.0,W,Tuesday,0.0,1.0,1.0,1.0,1.0,
2026-03-03,CHI,WPG,WPG,0.6504,0.6504,★★★ HIGH,Connor Hellebuyck,Spencer Knight,Confirmed,Confirmed,-162.0,136.0,0.6183,0.032,WPG,3.0,2.0,W,Tuesday,0.0,0.0,0.0,2.0,2.0,
2026-03-03,DAL,CGY,CGY,0.5493,0.5493,★   LOW,Dustin Wolf,Casey DeSmith,Confirmed,Confirmed,100.0,-120.0,0.5,0.0493,DAL,1.0,6.0,L,Tuesday,0.0,0.0,1.0,2.0,1.0,
2026-03-03,OTT,EDM,EDM,0.6841,0.6841,★★★ HIGH,Connor Ingram,Linus Ullmark,Fallback,Confirmed,-130.0,110.0,0.5652,0.1188,EDM,5.0,4.0,W,Tuesday,0.0,0.0,0.0,3.0,3.0,
2026-03-03,TBL,MIN,TBL,0.4873,0.5127,SKIP,Filip Gustavsson,Andrei Vasilevskiy,Confirmed,Likely,105.0,-125.0,0.5556,-0.0428,MIN,5.0,1.0,L,Tuesday,0.0,0.0,0.0,2.0,3.0,
2026-03-03,COL,ANA,COL,0.43,0.57,★   LOW,Lukas Dostal,Scott Wedgewood,Confirmed,Unconfirmed,130.0,-155.0,0.6078,-0.0378,COL,1.0,5.0,W,Tuesday,0.0,0.0,1.0,2.0,1.0,
2026-03-03,MTL,SJS,SJS,0.5641,0.5641,★   LOW,Yaroslav Askarov,Jakub Dobes,Likely,Confirmed,114.0,-135.0,0.4673,0.0968,SJS,7.0,5.0,W,Tuesday,0.0,0.0,0.0,2.0,3.0,
2026-03-04,VGK,DET,VGK,0.4614000022411346,0.5386000275611877,★   LOW,Cam Talbot,Adin Hill,Confirmed,Confirmed,-135.0,114.0,0.4673,0.0712999999523162,VGK,3.0,4.0,W,Wednesday,0.0,0.0,1.0,2.0,1.0,
2026-03-04,TOR,NJD,NJD,0.567799985408783,0.567799985408783,★   LOW,Jacob Markstrom,Anthony Stolarz,Confirmed,Confirmed,-115.0,-105.0,0.5349,0.032999999821186,NJD,4.0,3.0,W,Wednesday,0.0,1.0,0.0,1.0,2.0,
2026-03-04,CAR,VAN,CAR,0.4695000052452087,0.5304999947547913,★   LOW,Kevin Lankinen,Brandon Bussi,Confirmed,Fallback,210.0,-258.0,0.7207,-0.190200001001358,CAR,4.0,6.0,W,Wednesday,0.0,0.0,0.0,2.0,2.0,
2026-03-04,NYI,ANA,NYI,0.4796000123023987,0.5203999876976013,★   LOW,Ville Husso,David Rittich,Unconfirmed,Fallback,-110.0,-110.0,0.5238,-0.003400000045076,ANA,5.0,1.0,L,Wednesday,0.0,1.0,0.0,1.0,3.0,
2026-03-04,STL,SEA,SEA,0.5227000117301941,0.5227000117301941,★   LOW,Philipp Grubauer,Joel Hofer,Likely,Confirmed,-142.0,120.0,0.5868,-0.0640999972820282,STL,2.0,3.0,L,Wednesday,0.0,0.0,0.0,2.0,3.0,
2026-03-05,TOR,NYR,NYR,0.5353999733924866,0.5353999733924866,★   LOW,Igor Shesterkin,Joseph Woll,Unconfirmed,Unconfirmed,-110.0,-110.0,0.5238,0.0115999998524785,NYR,6.0,2.0,W,Thursday,0.0,0.0,1.0,3.0,1.0,
2026-03-05,UTA,PHI,PHI,0.5069000124931335,0.5069000124931335,SKIP,Dan Vladar,Karel Vejmelka,Fallback,Unconfirmed,100.0,-120.0,0.5,0.0068999999202787,UTA,0.0,3.0,L,Thursday,0.0,0.0,0.0,3.0,2.0,
2026-03-05,BUF,PIT,PIT,0.6319000124931335,0.6319000124931335,★★  MED,Arturs Silovs,Ukko-Pekka Luukkonen,Fallback,Unconfirmed,-105.0,-115.0,0.5122,0.1196999996900558,BUF,1.0,5.0,L,Thursday,0.0,0.0,0.0,2.0,2.0,
2026-03-05,FLA,CBJ,CBJ,0.5116999745368958,0.5116999745368958,SKIP,Elvis Merzlikins,Sergei Bobrovsky,Unconfirmed,Unconfirmed,-115.0,-105.0,0.5349,-0.023199999704957,CBJ,4.0,2.0,W,Thursday,0.0,0.0,0.0,2.0,2.0,
2026-03-05,BOS,NSH,NSH,0.6276000142097473,0.6276000142097473,★★  MED,Juuse Saros,Jeremy Swayman,Unconfirmed,Unconfirmed,-115.0,-105.0,0.5349,0.0926999971270561,NSH,6.0,3.0,W,Thursday,0.0,0.0,0.0,2.0,2.0,
2026-03-05,TBL,WPG,WPG,0.5343999862670898,0.5343999862670898,★   LOW,Connor Hellebuyck,Andrei Vasilevskiy,Unconfirmed,Unconfirmed,145.0,-175.0,0.4082,0.1263000071048736,WPG,4.0,1.0,W,Thursday,0.0,0.0,0.0,2.0,2.0,
2026-03-05,OTT,CGY,CGY,0.6761000156402588,0.6761000156402588,★★★ HIGH,Dustin Wolf,Linus Ullmark,Unconfirmed,Unconfirmed,124.0,-148.0,0.4464,0.2296999990940094,OTT,1.0,4.0,L,Thursday,0.0,0.0,0.0,2.0,2.0,
2026-03-05,NYI,LAK,LAK,0.6194999814033508,0.6194999814033508,★★  MED,Darcy Kuemper,Ilya Sorokin,Unconfirmed,Confirmed,-148.0,124.0,0.5968,0.0227000005543231,LAK,5.0,3.0,W,Thursday,0.0,0.0,1.0,3.0,1.0,
2026-03-06,FLA,DET,FLA,0.4578999876976013,0.5421000123023987,★   LOW,John Gibson,Sergei Bobrovsky,Fallback,Unconfirmed,-145.0,120.0,0.4545,0.0874999985098838,FLA,1.0,3.0,W,Friday,0.0,0.0,1.0,2.0,1.0,
2026-03-06,COL,DAL,DAL,0.597100019454956,0.597100019454956,★★  MED,Jake Oettinger,Mackenzie Blackwood,Unconfirmed,Unconfirmed,-102.0,-118.0,0.505,0.0921000018715858,COL,4.0,5.0,L,Friday,0.0,0.0,0.0,3.0,3.0,
2026-03-06,VAN,CHI,CHI,0.5483999848365784,0.5483999848365784,★   LOW,Spencer Knight,Nikita Tolopilo,Unconfirmed,Unconfirmed,-145.0,120.0,0.5918,-0.0434999987483024,VAN,3.0,6.0,L,Friday,0.0,0.0,0.0,3.0,2.0,
2026-03-06,CAR,EDM,EDM,0.5325999855995178,0.5325999855995178,★   LOW,Tristan Jarry,Brandon Bussi,Fallback,Fallback,-102.0,-118.0,0.505,0.0276999995112419,CAR,3.0,6.0,L,Friday,0.0,0.0,0.0,3.0,2.0,
2026-03-06,MTL,ANA,ANA,0.5756999850273132,0.5756999850273132,★   LOW,Lukas Dostal,Sam Montembeault,Unconfirmed,Confirmed,-110.0,-110.0,0.5238,0.0518999993801116,ANA,6.0,5.0,W,Friday,0.0,0.0,0.0,2.0,3.0,
2026-03-06,MIN,VGK,VGK,0.642300009727478,0.642300009727478,★★  MED,Akira Schmid,Filip Gustavsson,Unconfirmed,Unconfirmed,-118.0,-102.0,0.5413,0.101000003516674,MIN,2.0,4.0,L,Friday,0.0,0.0,0.0,2.0,3.0,
2026-03-06,STL,SJS,SJS,0.5400000214576721,0.5400000214576721,★   LOW,Yaroslav Askarov,Joel Hofer,Unconfirmed,Unconfirmed,-135.0,110.0,0.5745,-0.034400001168251,STL,2.0,3.0,L,Friday,0.0,0.0,0.0,3.0,2.0,
2026-03-07,WSH,BOS,BOS,0.538100004196167,0.538100004196167,★   LOW,Jeremy Swayman,Logan Thompson,Confirmed,Confirmed,-115.0,-105.0,0.5349,0.0031999999191612,BOS,3.0,1.0,W,Saturday,1.0,0.0,0.0,2.0,4.0,
2026-03-07,NYR,NJD,NJD,0.5792999863624573,0.5792999863624573,★   LOW,Jacob Markstrom,Igor Shesterkin,Unconfirmed,Unconfirmed,-185.0,154.0,0.6491,-0.0697999969124794,NJD,6.0,3.0,W,Saturday,1.0,0.0,0.0,3.0,2.0,
2026-03-07,NSH,BUF,BUF,0.5435000061988831,0.5435000061988831,★   LOW,Ukko-Pekka Luukkonen,Juuse Saros,Unconfirmed,Unconfirmed,-185.0,154.0,0.6491,-0.1055999994277954,BUF,3.0,2.0,W,Saturday,1.0,0.0,0.0,2.0,2.0,
2026-03-07,PHI,PIT,PIT,0.6107000112533569,0.6107000112533569,★★  MED,Stuart Skinner,Dan Vladar,Fallback,Fallback,-135.0,114.0,0.5745,0.036200001835823,PHI,3.0,4.0,L,Saturday,1.0,0.0,0.0,2.0,2.0,
2026-03-07,TBL,TOR,TOR,0.5206999778747559,0.5206999778747559,★   LOW,Anthony Stolarz,Andrei Vasilevskiy,Confirmed,Likely,142.0,-170.0,0.4132,0.1075000017881393,TBL,2.0,5.0,L,Saturday,1.0,0.0,0.0,2.0,2.0,
2026-03-07,UTA,CBJ,CBJ,0.5299999713897705,0.5299999713897705,★   LOW,Elvis Merzlikins,Karel Vejmelka,Confirmed,Likely,-110.0,-110.0,0.5238,0.0062000001780688,UTA,4.0,5.0,L,Saturday,1.0,0.0,0.0,2.0,2.0,
2026-03-07,VAN,WPG,WPG,0.6391000151634216,0.6391000151634216,★★  MED,Connor Hellebuyck,Kevin Lankinen,Likely,Unconfirmed,-250.0,205.0,0.7143,-0.0751999989151954,WPG,3.0,2.0,W,Saturday,1.0,0.0,1.0,2.0,1.0,
2026-03-07,MTL,LAK,LAK,0.6345000267028809,0.6345000267028809,★★  MED,Anton Forsberg,Jakub Dobes,Fallback,Unconfirmed,-135.0,114.0,0.5745,0.0599999986588954,MTL,3.0,4.0,L,Saturday,1.0,0.0,1.0,2.0,1.0,
2026-03-07,CAR,CGY,CGY,0.5440000295639038,0.5440000295639038,★   LOW,Dustin Wolf,Brandon Bussi,Unconfirmed,Fallback,142.0,-170.0,0.4132,0.1307999938726425,CGY,5.0,4.0,W,Saturday,1.0,0.0,1.0,2.0,1.0,
2026-03-07,NYI,SJS,SJS,0.5235000252723694,0.5235000252723694,★   LOW,Yaroslav Askarov,Ilya Sorokin,Unconfirmed,Unconfirmed,114.0,-135.0,0.4673,0.0562000013887882,NYI,1.0,2.0,L,Saturday,1.0,1.0,0.0,1.0,2.0,
2026-03-07,OTT,SEA,SEA,0.5928000211715698,0.5928000211715698,★★  MED,Philipp Grubauer,Linus Ullmark,Unconfirmed,Unconfirmed,120.0,-142.0,0.4545,0.1381999999284744,OTT,4.0,7.0,L,Saturday,1.0,0.0,0.0,3.0,2.0,
2026-03-08,MIN,COL,COL,0.6499000191688538,0.6499000191688538,★★  MED,Mackenzie Blackwood,Filip Gustavsson,Unconfirmed,Unconfirmed,-170.0,142.0,0.6296,0.0201999992132186,COL,3.0,2.0,W,Sunday,1.0,0.0,0.0,2.0,2.0,
2026-03-08,BOS,PIT,PIT,0.6129000186920166,0.6129000186920166,★★  MED,Arturs Silovs,Joonas Korpisalo,Fallback,Unconfirmed,-130.0,110.0,0.5652,0.047699999064207,PIT,5.0,4.0,W,Sunday,1.0,1.0,1.0,1.0,1.0,
2026-03-08,TBL,BUF,TBL,0.4555999934673309,0.5443999767303467,★   LOW,Ukko-Pekka Luukkonen,Jonas Johansson,Unconfirmed,Unconfirmed,-105.0,-115.0,0.5349,0.0094999996945261,BUF,8.0,7.0,L,Sunday,1.0,1.0,1.0,1.0,1.0,
2026-03-08,CHI,DAL,DAL,0.6690999865531921,0.6690999865531921,★★★ HIGH,Jake Oettinger,Arvid Soderblom,Unconfirmed,Unconfirmed,-258.0,210.0,0.7207,-0.0516000017523765,DAL,4.0,3.0,W,Sunday,1.0,0.0,0.0,2.0,2.0,
2026-03-08,DET,NJD,NJD,0.5837000012397766,0.5837000012397766,★★  MED,Jake Allen,John Gibson,Unconfirmed,Fallback,-115.0,-105.0,0.5349,0.0487999990582466,DET,0.0,3.0,L,Sunday,1.0,1.0,0.0,1.0,2.0,
2026-03-08,STL,ANA,STL,0.4720999896526336,0.527899980545044,★   LOW,Lukas Dostal,Joel Hofer,Unconfirmed,Unconfirmed,-175.0,145.0,0.4082,0.1196999996900558,STL,0.0,4.0,W,Sunday,1.0,0.0,0.0,2.0,2.0,
2026-03-08,EDM,VGK,VGK,0.6065999865531921,0.6065999865531921,★★  MED,Adin Hill,Tristan Jarry,Unconfirmed,Fallback,-115.0,-105.0,0.5349,0.0716999992728233,EDM,2.0,4.0,L,Sunday,1.0,0.0,0.0,2.0,2.0,
2026-03-09,LAK,CBJ,CBJ,0.5586000084877014,0.5586000084877014,★   LOW,Jet Greaves,Anton Forsberg,Unconfirmed,Fallback,-130.0,110.0,0.5652,-0.0065999999642372,LAK,4.0,5.0,L,Monday,0.0,0.0,0.0,2.0,2.0,
2026-03-09,NYR,PHI,NYR,0.4528999924659729,0.5471000075340271,★   LOW,Dan Vladar,Igor Shesterkin,Fallback,Confirmed,-155.0,130.0,0.4348,0.1123000010848045,NYR,2.0,6.0,W,Monday,0.0,0.0,0.0,2.0,2.0,
2026-03-09,CGY,WSH,WSH,0.545199990272522,0.545199990272522,★   LOW,Logan Thompson,Devin Cooley,Confirmed,Fallback,-192.0,160.0,0.6575,-0.1123000010848045,WSH,7.0,3.0,W,Monday,0.0,0.0,0.0,2.0,2.0,
2026-03-09,UTA,CHI,CHI,0.546999990940094,0.546999990940094,★   LOW,Drew Commesso,Vitek Vanecek,Likely,Fallback,160.0,-192.0,0.3846,0.1623000055551529,CHI,3.0,2.0,W,Monday,0.0,1.0,0.0,1.0,2.0,
2026-03-09,OTT,VAN,VAN,0.6144999861717224,0.6144999861717224,★★  MED,Kevin Lankinen,Linus Ullmark,Likely,Unconfirmed,180.0,-218.0,0.3571,0.2574000060558319,OTT,0.0,2.0,L,Monday,0.0,0.0,0.0,2.0,2.0,
2026-03-10,LAK,BOS,BOS,0.5306000113487244,0.5306000113487244,★   LOW,Jeremy Swayman,Darcy Kuemper,Confirmed,Likely,-155.0,130.0,0.6078,-0.0772000029683113,BOS,2.0,1.0,W,Tuesday,0.0,0.0,1.0,2.0,1.0,
2026-03-10,SJS,BUF,BUF,0.6365000009536743,0.6365000009536743,★★  MED,Alex Lyon,Yaroslav Askarov,Fallback,Confirmed,-205.0,170.0,0.6721,-0.0357000008225441,BUF,6.0,3.0,W,Tuesday,0.0,0.0,0.0,2.0,3.0,
2026-03-10,TOR,MTL,TOR,0.4930000007152557,0.5070000290870667,SKIP,Jakub Dobes,Joseph Woll,Confirmed,Likely,-170.0,142.0,0.4132,0.0938000008463859,MTL,3.0,1.0,L,Tuesday,0.0,0.0,0.0,3.0,3.0,
2026-03-10,CBJ,TBL,TBL,0.632099986076355,0.632099986076355,★★  MED,Andrei Vasilevskiy,Elvis Merzlikins,Likely,Unconfirmed,-250.0,205.0,0.7143,-0.0821999981999397,CBJ,2.0,5.0,L,Tuesday,0.0,0.0,1.0,2.0,1.0,
2026-03-10,DET,FLA,FLA,0.630299985408783,0.630299985408783,★★  MED,Daniil Tarasov,John Gibson,Fallback,Fallback,-125.0,105.0,0.5556,0.0746999979019165,FLA,4.0,3.0,W,Tuesday,0.0,0.0,0.0,4.0,2.0,
2026-03-10,CGY,NYR,NYR,0.5327000021934509,0.5327000021934509,★   LOW,Jonathan Quick,Dustin Wolf,Confirmed,Unconfirmed,-125.0,105.0,0.5556,-0.0229000002145767,NYR,4.0,0.0,W,Tuesday,0.0,1.0,1.0,1.0,1.0,
2026-03-10,PIT,CAR,CAR,0.6455000042915344,0.6455000042915344,★★  MED,Frederik Andersen,Stuart Skinner,Likely,Fallback,-230.0,190.0,0.697,-0.0515000000596046,CAR,5.0,4.0,W,Tuesday,0.0,0.0,0.0,3.0,2.0,
2026-03-10,NYI,STL,STL,0.6069999933242798,0.6069999933242798,★★  MED,Joel Hofer,Ilya Sorokin,Likely,Confirmed,105.0,-125.0,0.4878,0.1191999986767768,NYI,3.0,4.0,L,Tuesday,0.0,0.0,0.0,2.0,3.0,
2026-03-10,VGK,DAL,DAL,0.6029999852180481,0.6029999852180481,★★  MED,Jake Oettinger,Akira Schmid,Confirmed,Unconfirmed,-148.0,124.0,0.5968,0.0062000001780688,DAL,2.0,1.0,W,Tuesday,0.0,0.0,0.0,2.0,2.0,
2026-03-10,UTA,MIN,MIN,0.5956000089645386,0.5956000089645386,★★  MED,Filip Gustavsson,Karel Vejmelka,Confirmed,Unconfirmed,-170.0,142.0,0.6296,-0.0340999998152256,MIN,5.0,0.0,W,Tuesday,0.0,0.0,1.0,2.0,1.0,
2026-03-10,ANA,WPG,WPG,0.6471999883651733,0.6471999883651733,★★  MED,Connor Hellebuyck,Lukas Dostal,Confirmed,Unconfirmed,-125.0,105.0,0.5556,0.0917000025510788,ANA,1.0,4.0,L,Tuesday,0.0,0.0,0.0,3.0,2.0,
2026-03-10,EDM,COL,COL,0.6140000224113464,0.6140000224113464,★★  MED,Mackenzie Blackwood,Connor Ingram,Confirmed,Fallback,-175.0,145.0,0.6364,-0.0222999993711709,EDM,3.0,4.0,L,Tuesday,0.0,0.0,0.0,2.0,2.0,
2026-03-10,NSH,SEA,SEA,0.5443999767303467,0.5443999767303467,★   LOW,Philipp Grubauer,Juuse Saros,Unconfirmed,Unconfirmed,-120.0,100.0,0.5455,-0.0010000000474974,NSH,2.0,4.0,L,Tuesday,0.0,0.0,0.0,3.0,3.0,
2026-03-12,SJS,BOS,BOS,0.6455000042915344,0.6455000042915344,★★  MED,Jeremy Swayman,Alex Nedeljkovic,Likely,Fallback,-170.0,142.0,0.6296,0.0157999992370605,SJS,2.0,4.0,L,Thursday,0.0,0.0,0.0,2.0,2.0,
2026-03-12,WSH,BUF,BUF,0.5422999858856201,0.5422999858856201,★   LOW,Ukko-Pekka Luukkonen,Charlie Lindgren,Likely,Unconfirmed,-180.0,150.0,0.6429,-0.1005999967455864,WSH,1.0,2.0,L,Thursday,0.0,0.0,1.0,2.0,1.0,
2026-03-12,ANA,TOR,TOR,0.6917999982833862,0.6917999982833862,★★★ HIGH,Joseph Woll,Lukas Dostal,Confirmed,Unconfirmed,-110.0,-110.0,0.5238,0.1679999977350235,TOR,6.0,4.0,W,Thursday,0.0,0.0,0.0,2.0,2.0,
2026-03-12,DET,TBL,TBL,0.6690999865531921,0.6690999865531921,★★★ HIGH,Andrei Vasilevskiy,John Gibson,Unconfirmed,Fallback,-218.0,180.0,0.6855,-0.016499999910593,TBL,4.0,1.0,W,Thursday,0.0,0.0,0.0,2.0,2.0,
2026-03-12,CBJ,FLA,FLA,0.6161999702453613,0.6161999702453613,★★  MED,Sergei Bobrovsky,Elvis Merzlikins,Confirmed,Confirmed,-115.0,-105.0,0.5349,0.0812999978661537,FLA,2.0,1.0,W,Thursday,0.0,0.0,0.0,2.0,2.0,
2026-03-12,CGY,NJD,NJD,0.5444999933242798,0.5444999933242798,★   LOW,Jacob Markstrom,Dustin Wolf,Confirmed,Confirmed,-175.0,145.0,0.6364,-0.091899998486042,CGY,4.0,5.0,L,Thursday,0.0,0.0,0.0,4.0,2.0,
2026-03-12,STL,CAR,CAR,0.6270999908447266,0.6270999908447266,★★  MED,Brandon Bussi,Joel Hofer,Fallback,Unconfirmed,-290.0,235.0,0.7436,-0.1164999976754188,STL,1.0,3.0,L,Thursday,0.0,0.0,0.0,2.0,2.0,
2026-03-12,EDM,DAL,DAL,0.6223000288009644,0.6223000288009644,★★  MED,Jake Oettinger,Tristan Jarry,Confirmed,Fallback,-135.0,114.0,0.5745,0.0478000007569789,DAL,7.0,2.0,W,Thursday,0.0,0.0,0.0,2.0,2.0,
2026-03-12,PHI,MIN,MIN,0.64410001039505,0.64410001039505,★★  MED,Jesper Wallstedt,Dan Vladar,Confirmed,Fallback,-245.0,200.0,0.7101,-0.066100001335144,PHI,2.0,3.0,L,Thursday,0.0,0.0,1.0,2.0,1.0,
2026-03-12,NYR,WPG,WPG,0.6136000156402588,0.6136000156402588,★★  MED,Connor Hellebuyck,Igor Shesterkin,Likely,Unconfirmed,-162.0,136.0,0.6183,-0.0048000002279877,NYR,3.0,6.0,L,Thursday,0.0,0.0,0.0,2.0,2.0,
2026-03-12,CHI,UTA,UTA,0.6281999945640564,0.6281999945640564,★★  MED,Karel Vejmelka,Spencer Knight,Unconfirmed,Unconfirmed,-230.0,190.0,0.697,-0.068800002336502,CHI,2.0,3.0,L,Thursday,0.0,0.0,0.0,2.0,3.0,
2026-03-12,NSH,VAN,VAN,0.5774999856948853,0.5774999856948853,★   LOW,Kevin Lankinen,Juuse Saros,Unconfirmed,Unconfirmed,130.0,-155.0,0.4348,0.1428000032901764,VAN,4.0,3.0,W,Thursday,0.0,0.0,0.0,3.0,2.0,
2026-03-12,PIT,VGK,VGK,0.6651999950408936,0.6651999950408936,★★★ HIGH,Adin Hill,Arturs Silovs,Unconfirmed,Fallback,-155.0,130.0,0.6078,0.0573999993503093,VGK,6.0,2.0,W,Thursday,0.0,0.0,0.0,2.0,2.0,
2026-03-12,COL,SEA,COL,0.4934999942779541,0.5065000057220459,SKIP,Philipp Grubauer,Scott Wedgewood,Unconfirmed,Unconfirmed,164.0,-198.0,0.6644,-0.1580000072717666,COL,1.0,5.0,W,Thursday,0.0,0.0,0.0,2.0,2.0,
2026-03-13,LAK,NYI,NYI,0.5968000292778015,0.5968000292778015,★★  MED,Ilya Sorokin,Darcy Kuemper,Confirmed,Likely,-142.0,120.0,0.5868,0.0099999997764825,LAK,2.0,3.0,L,Friday,0.0,0.0,0.0,3.0,3.0,
2026-03-13,EDM,STL,STL,0.5569000244140625,0.5569000244140625,★   LOW,Joel Hofer,Connor Ingram,Unconfirmed,Fallback,136.0,-162.0,0.4237,0.133200004696846,STL,3.0,2.0,W,Friday,0.0,1.0,1.0,1.0,1.0,
2026-03-14,ANA,OTT,OTT,0.6177999973297119,0.6177999973297119,★★  MED,Linus Ullmark,Lukas Dostal,Confirmed,Unconfirmed,-162.0,136.0,0.6183,-0.0005000000237487,OTT,2.0,0.0,W,Saturday,1.0,0.0,0.0,3.0,2.0,
2026-03-14,BOS,WSH,WSH,0.6292999982833862,0.6292999982833862,★★  MED,Logan Thompson,Jeremy Swayman,Unconfirmed,Unconfirmed,-135.0,114.0,0.5745,0.0548000000417232,BOS,2.0,3.0,L,Saturday,1.0,0.0,0.0,2.0,2.0,
2026-03-14,COL,WPG,WPG,0.5934000015258789,0.5934000015258789,★★  MED,Connor Hellebuyck,Mackenzie Blackwood,Unconfirmed,Unconfirmed,154.0,-185.0,0.3937,0.1996999979019165,WPG,3.0,1.0,W,Saturday,1.0,0.0,0.0,2.0,2.0,
2026-03-14,NYR,MIN,MIN,0.5752999782562256,0.5752999782562256,★   LOW,Filip Gustavsson,Igor Shesterkin,Confirmed,Unconfirmed,-245.0,200.0,0.7101,-0.1349000036716461,NYR,2.0,4.0,L,Saturday,1.0,0.0,0.0,2.0,2.0,
2026-03-14,TOR,BUF,BUF,0.5145999789237976,0.5145999789237976,SKIP,Alex Lyon,Joseph Woll,Fallback,Likely,-230.0,190.0,0.697,-0.1824000030755996,BUF,3.0,2.0,W,Saturday,1.0,0.0,0.0,2.0,2.0,
2026-03-14,SJS,MTL,MTL,0.6107000112533569,0.6107000112533569,★★  MED,Jakub Dobes,Alex Nedeljkovic,Confirmed,Fallback,-185.0,154.0,0.6491,-0.0384000018239021,SJS,2.0,4.0,L,Saturday,1.0,0.0,0.0,3.0,2.0,
2026-03-14,CAR,TBL,TBL,0.551800012588501,0.551800012588501,★   LOW,Andrei Vasilevskiy,Frederik Andersen,Likely,Unconfirmed,-135.0,114.0,0.5745,-0.0227000005543231,CAR,2.0,4.0,L,Saturday,1.0,0.0,0.0,2.0,2.0,
2026-03-14,LAK,NJD,NJD,0.5454000234603882,0.5454000234603882,★   LOW,Jake Allen,Anton Forsberg,Confirmed,Fallback,-148.0,124.0,0.5968,-0.0513999983668327,NJD,6.0,4.0,W,Saturday,1.0,0.0,1.0,2.0,1.0,
2026-03-14,CGY,NYI,NYI,0.534500002861023,0.534500002861023,★   LOW,David Rittich,Devin Cooley,Fallback,Fallback,-166.0,140.0,0.6241,-0.089599996805191,NYI,3.0,2.0,W,Saturday,1.0,1.0,0.0,1.0,2.0,
2026-03-14,CBJ,PHI,PHI,0.5152000188827515,0.5152000188827515,SKIP,Dan Vladar,Jet Greaves,Fallback,Unconfirmed,105.0,-125.0,0.4878,0.0274000000208616,CBJ,1.0,2.0,L,Saturday,1.0,0.0,0.0,2.0,2.0,
2026-03-14,DET,DAL,DAL,0.6740999817848206,0.6740999817848206,★★★ HIGH,Jake Oettinger,John Gibson,Likely,Fallback,-170.0,142.0,0.6296,0.0445000007748603,DAL,3.0,2.0,W,Saturday,1.0,0.0,0.0,2.0,2.0,
2026-03-14,PIT,UTA,UTA,0.5979999899864197,0.5979999899864197,★★  MED,Karel Vejmelka,Stuart Skinner,Unconfirmed,Fallback,-148.0,124.0,0.5968,0.001300000003539,PIT,3.0,4.0,L,Saturday,1.0,0.0,0.0,2.0,2.0,
2026-03-14,SEA,VAN,VAN,0.6446999907493591,0.6446999907493591,★★  MED,Kevin Lankinen,Philipp Grubauer,Unconfirmed,Unconfirmed,110.0,-130.0,0.4762,0.168500006198883,SEA,2.0,5.0,L,Saturday,1.0,0.0,0.0,2.0,2.0,
2026-03-14,CHI,VGK,VGK,0.6287000179290771,0.6287000179290771,★★  MED,Adin Hill,Spencer Knight,Unconfirmed,Unconfirmed,-238.0,195.0,0.7041,-0.0754000023007392,VGK,4.0,0.0,W,Saturday,1.0,0.0,0.0,2.0,2.0,
2026-03-15,STL,WPG,WPG,0.626800000667572,0.626800000667572,★★  MED,Eric Comrie,Joel Hofer,Unconfirmed,Unconfirmed,-125.0,105.0,0.5556,0.0712999999523162,WPG,3.0,2.0,W,Sunday,1.0,1.0,0.0,1.0,2.0,
2026-03-15,SJS,OTT,OTT,0.6323000192642212,0.6323000192642212,★★  MED,James Reimer,Laurent Brossoit,Fallback,Fallback,-205.0,170.0,0.6721,-0.0397999994456768,OTT,7.0,4.0,W,Sunday,1.0,1.0,1.0,1.0,1.0,
2026-03-15,ANA,MTL,MTL,0.5753999948501587,0.5753999948501587,★   LOW,Jacob Fowler,Lukas Dostal,Fallback,Unconfirmed,-148.0,124.0,0.5968,-0.0214000009000301,ANA,3.0,4.0,L,Sunday,1.0,1.0,1.0,1.0,1.0,
2026-03-15,TOR,MIN,MIN,0.5475999712944031,0.5475999712944031,★   LOW,Jesper Wallstedt,Anthony Stolarz,Confirmed,Confirmed,-250.0,205.0,0.7143,-0.166700005531311,TOR,2.0,4.0,L,Sunday,1.0,1.0,1.0,1.0,1.0,
2026-03-15,NSH,EDM,EDM,0.6187000274658203,0.6187000274658203,★★  MED,Tristan Jarry,Juuse Saros,Fallback,Unconfirmed,-185.0,154.0,0.6491,-0.0304000005125999,EDM,3.0,1.0,W,Sunday,1.0,0.0,0.0,2.0,3.0,
2026-03-15,FLA,SEA,FLA,0.4772000014781952,0.5228000283241272,★   LOW,Joey Daccord,Sergei Bobrovsky,Unconfirmed,Unconfirmed,110.0,-130.0,0.5652,-0.0423999987542629,SEA,6.0,2.0,L,Sunday,1.0,1.0,0.0,1.0,3.0,
2026-03-16,CGY,DET,DET,0.5220000147819519,0.5220000147819519,★   LOW,John Gibson,Dustin Wolf,Fallback,Confirmed,-180.0,150.0,0.6429,-0.120899997651577,DET,5.0,2.0,W,Monday,0.0,0.0,0.0,2.0,2.0,
2026-03-16,BOS,NJD,NJD,0.6402999758720398,0.6402999758720398,★★  MED,Jacob Markstrom,Joonas Korpisalo,Confirmed,Confirmed,-120.0,100.0,0.5455,0.0948000028729438,NJD,4.0,3.0,W,Monday,0.0,0.0,0.0,2.0,2.0,
2026-03-16,LAK,NYR,NYR,0.589900016784668,0.589900016784668,★★  MED,Igor Shesterkin,Darcy Kuemper,Likely,Likely,105.0,-125.0,0.4878,0.1020999997854232,LAK,1.0,4.0,L,Monday,0.0,0.0,0.0,2.0,2.0,
2026-03-16,UTA,DAL,DAL,0.645799994468689,0.645799994468689,★★  MED,Casey DeSmith,Karel Vejmelka,Confirmed,Likely,-162.0,136.0,0.6183,0.0274999998509883,UTA,3.0,6.0,L,Monday,0.0,0.0,0.0,2.0,2.0,
2026-03-16,PIT,COL,COL,0.6344000101089478,0.6344000101089478,★★  MED,Scott Wedgewood,Arturs Silovs,Confirmed,Fallback,-230.0,190.0,0.697,-0.0625,PIT,2.0,7.0,L,Monday,0.0,0.0,0.0,2.0,2.0,
2026-03-17,NYI,TOR,TOR,0.6603,0.6603,★★★ HIGH,Joseph Woll,Ilya Sorokin,Likely,Confirmed,110.0,-130.0,0.4762,0.1841,NYI,1.0,3.0,L,Tuesday,0.0,0.0,0.0,2.0,3.0,
2026-03-17,BOS,MTL,MTL,0.5455,0.5455,★   LOW,Jakub Dobes,Jeremy Swayman,Confirmed,Unconfirmed,-170.0,142.0,0.6296,-0.0842,MTL,3.0,2.0,W,Tuesday,0.0,0.0,1.0,2.0,1.0,
2026-03-17,CAR,CBJ,CAR,0.4737,0.5263,★   LOW,Jet Greaves,Brandon Bussi,Confirmed,Fallback,114.0,-135.0,0.5745,-0.0482,CBJ,5.0,1.0,L,Tuesday,0.0,0.0,0.0,3.0,3.0,
2026-03-17,MIN,CHI,CHI,0.5694,0.5694,★   LOW,Spencer Knight,Filip Gustavsson,Unconfirmed,Confirmed,145.0,-175.0,0.4082,0.1613,MIN,3.0,4.0,L,Tuesday,0.0,0.0,0.0,3.0,2.0,
2026-03-17,NSH,WPG,WPG,0.6038,0.6038,★★  MED,Connor Hellebuyck,Juuse Saros,Likely,Confirmed,-135.0,114.0,0.5745,0.0293,NSH,3.0,4.0,L,Tuesday,0.0,0.0,0.0,2.0,2.0,
2026-03-17,SJS,EDM,EDM,0.6923,0.6923,★★★ HIGH,Connor Ingram,Alex Nedeljkovic,Fallback,Fallback,-175.0,145.0,0.6364,0.0559,EDM,5.0,3.0,W,Tuesday,0.0,0.0,0.0,2.0,2.0,
2026-03-17,FLA,VAN,FLA,0.4737,0.5263,★   LOW,Kevin Lankinen,Sergei Bobrovsky,Confirmed,Unconfirmed,120.0,-142.0,0.5868,-0.0605,VAN,5.0,2.0,L,Tuesday,0.0,0.0,0.0,3.0,2.0,
2026-03-17,BUF,VGK,VGK,0.6603,0.6603,★★★ HIGH,Adin Hill,Ukko-Pekka Luukkonen,Unconfirmed,Unconfirmed,-130.0,110.0,0.5652,0.095,BUF,0.0,2.0,L,Tuesday,0.0,0.0,0.0,3.0,3.0,
2026-03-17,TBL,SEA,TBL,0.4082,0.5918,★★  MED,Philipp Grubauer,Andrei Vasilevskiy,Confirmed,Unconfirmed,164.0,-198.0,0.6644,-0.0726,TBL,2.0,6.0,W,Tuesday,0.0,0.0,0.0,2.0,3.0,
2026-03-18,NJD,NYR,NYR,0.5694,0.5694,★   LOW,Jonathan Quick,Jacob Markstrom,Likely,Likely,-105.0,-115.0,0.5122,0.0572,NJD,3.0,6.0,L,Wednesday,0.0,0.0,0.0,2.0,2.0,
2026-03-18,PIT,CAR,CAR,0.6603,0.6603,★★★ HIGH,Frederik Andersen,Stuart Skinner,Likely,Fallback,-170.0,142.0,0.6296,0.0306,CAR,6.0,5.0,W,Wednesday,0.0,1.0,0.0,1.0,2.0,
2026-03-18,OTT,WSH,WSH,0.6603,0.6603,★★★ HIGH,Logan Thompson,Linus Ullmark,Confirmed,Confirmed,-105.0,-115.0,0.5122,0.1481,WSH,4.0,1.0,W,Wednesday,0.0,0.0,0.0,4.0,3.0,
2026-03-18,DAL,COL,COL,0.6038,0.6038,★★  MED,Scott Wedgewood,Jake Oettinger,Confirmed,Confirmed,-155.0,130.0,0.6078,-0.0041,DAL,1.0,2.0,L,Wednesday,0.0,0.0,0.0,2.0,2.0,
2026-03-18,STL,CGY,CGY,0.6562,0.6562,★★★ HIGH,Devin Cooley,Joel Hofer,Fallback,Confirmed,-105.0,-115.0,0.5122,0.1441,CGY,2.0,1.0,W,Wednesday,0.0,0.0,0.0,2.0,3.0,
2026-03-18,PHI,ANA,ANA,0.625,0.625,★★  MED,Lukas Dostal,Dan Vladar,Confirmed,Fallback,-155.0,130.0,0.6078,0.0172,PHI,2.0,3.0,L,Wednesday,0.0,0.0,0.0,3.0,4.0,
2026-03-19,WPG,BOS,BOS,0.5455,0.5455,★   LOW,Jeremy Swayman,Connor Hellebuyck,Confirmed,Confirmed,-142.0,120.0,0.5868,-0.0413,BOS,6.0,1.0,W,Thursday,0.0,0.0,0.0,2.0,2.0,
2026-03-19,NYI,OTT,OTT,0.5694,0.5694,★   LOW,James Reimer,Ilya Sorokin,Fallback,Confirmed,-142.0,120.0,0.5868,-0.0173,OTT,3.0,2.0,W,Thursday,0.0,1.0,0.0,1.0,2.0,
2026-03-19,MTL,DET,DET,0.6603,0.6603,★★★ HIGH,John Gibson,Jakub Dobes,Fallback,Confirmed,-110.0,-110.0,0.5238,0.1364,DET,3.0,1.0,W,Thursday,0.0,0.0,0.0,3.0,2.0,
2026-03-19,NYR,CBJ,CBJ,0.6562,0.6562,★★★ HIGH,Jet Greaves,Igor Shesterkin,Confirmed,Confirmed,-218.0,180.0,0.6855,-0.0293,CBJ,6.0,3.0,W,Thursday,0.0,0.0,1.0,2.0,1.0,
2026-03-19,CHI,MIN,MIN,0.6923,0.6923,★★★ HIGH,Jesper Wallstedt,Spencer Knight,Confirmed,Unconfirmed,-250.0,205.0,0.7143,-0.022,CHI,1.0,2.0,L,Thursday,0.0,0.0,0.0,2.0,2.0,
2026-03-19,SEA,NSH,NSH,0.6603,0.6603,★★★ HIGH,Juuse Saros,Joey Daccord,Unconfirmed,Unconfirmed,-135.0,114.0,0.5745,0.0858,NSH,3.0,1.0,W,Thursday,0.0,0.0,0.0,2.0,2.0,
2026-03-19,FLA,EDM,EDM,0.5455,0.5455,★   LOW,Connor Ingram,Sergei Bobrovsky,Fallback,Confirmed,-148.0,124.0,0.5968,-0.0513,FLA,0.0,4.0,L,Thursday,0.0,0.0,0.0,2.0,2.0,
2026-03-19,TBL,VAN,TBL,0.4737,0.5263,★   LOW,Kevin Lankinen,Andrei Vasilevskiy,Confirmed,Unconfirmed,235.0,-290.0,0.7436,-0.2173,TBL,2.0,6.0,W,Thursday,0.0,0.0,0.0,2.0,2.0,
2026-03-19,UTA,VGK,VGK,0.6603,0.6603,★★★ HIGH,Adin Hill,Karel Vejmelka,Confirmed,Unconfirmed,-135.0,114.0,0.5745,0.0858,UTA,0.0,4.0,L,Thursday,0.0,0.0,0.0,2.0,3.0,
2026-03-19,BUF,SJS,SJS,0.5455,0.5455,★   LOW,Alex Nedeljkovic,Alex Lyon,Fallback,Fallback,120.0,-142.0,0.4545,0.0909,BUF,0.0,5.0,L,Thursday,0.0,0.0,0.0,2.0,2.0,
2026-03-19,PHI,LAK,LAK,0.6603,0.6603,★★★ HIGH,Darcy Kuemper,Samuel Ersson,Confirmed,Likely,-162.0,136.0,0.6183,0.0419,PHI,3.0,4.0,L,Thursday,0.0,0.0,1.0,3.0,1.0,
2026-03-20,CAR,TOR,TOR,0.6038,0.6038,★★  MED,Joseph Woll,Brandon Bussi,Unconfirmed,Fallback,180.0,-218.0,0.3571,0.2466,CAR,3.0,4.0,L,Friday,0.0,0.0,0.0,3.0,2.0,
2026-03-20,NJD,WSH,WSH,0.6562,0.6562,★★★ HIGH,Logan Thompson,Jake Allen,Confirmed,Likely,-130.0,110.0,0.5652,0.091,WSH,2.0,1.0,W,Friday,0.0,0.0,0.0,2.0,2.0,
2026-03-20,COL,CHI,COL,0.4737,0.5263,★   LOW,Arvid Soderblom,Mackenzie Blackwood,Likely,Confirmed,210.0,-258.0,0.7207,-0.1944,COL,1.0,4.0,W,Friday,0.0,1.0,0.0,1.0,2.0,
2026-03-20,FLA,CGY,CGY,0.5694,0.5694,★   LOW,Dustin Wolf,Daniil Tarasov,Confirmed,Fallback,-105.0,-115.0,0.5122,0.0572,CGY,4.0,1.0,W,Friday,0.0,0.0,1.0,2.0,1.0,
2026-03-20,ANA,UTA,UTA,0.6603,0.6603,★★★ HIGH,Karel Vejmelka,Lukas Dostal,Unconfirmed,Confirmed,-122.0,102.0,0.5495,0.1107,ANA,1.0,4.0,L,Friday,0.0,1.0,0.0,1.0,2.0,
2026-03-21,WPG,PIT,WPG,0.4737,0.5263,★   LOW,Arturs Silovs,Connor Hellebuyck,Fallback,Confirmed,-162.0,136.0,0.4237,0.1026,PIT,5.0,4.0,L,Saturday,1.0,0.0,0.0,3.0,2.0,
2026-03-21,VGK,NSH,VGK,0.4918,0.5082,SKIP,Justus Annunen,Akira Schmid,Confirmed,Confirmed,110.0,-130.0,0.5652,-0.057,NSH,4.0,1.0,L,Saturday,1.0,0.0,0.0,2.0,2.0,
2026-03-21,DAL,MIN,MIN,0.5694,0.5694,★   LOW,Filip Gustavsson,Jake Oettinger,Confirmed,Confirmed,102.0,-122.0,0.495,0.0744,MIN,2.0,1.0,W,Saturday,1.0,0.0,0.0,2.0,3.0,
2026-03-21,BUF,LAK,LAK,0.6603,0.6603,★★★ HIGH,Anton Forsberg,Ukko-Pekka Luukkonen,Fallback,Confirmed,-105.0,-115.0,0.5122,0.1481,BUF,1.0,4.0,L,Saturday,1.0,0.0,0.0,2.0,2.0,
2026-03-21,PHI,SJS,SJS,0.6471,0.6471,★★  MED,Alex Nedeljkovic,Dan Vladar,Fallback,Fallback,-115.0,-105.0,0.5349,0.1122,PHI,1.0,4.0,L,Saturday,1.0,0.0,0.0,2.0,2.0,
2026-03-21,SEA,CBJ,CBJ,0.6562,0.6562,★★★ HIGH,Elvis Merzlikins,Joey Daccord,Confirmed,Confirmed,-170.0,142.0,0.6296,0.0266,CBJ,5.0,2.0,W,Saturday,1.0,0.0,0.0,2.0,2.0,
2026-03-21,NYI,MTL,MTL,0.5694,0.5694,★   LOW,Jacob Fowler,Ilya Sorokin,Fallback,Confirmed,-142.0,120.0,0.5868,-0.0173,MTL,7.0,3.0,W,Saturday,1.0,0.0,0.0,2.0,2.0,
2026-03-21,TOR,OTT,OTT,0.5694,0.5694,★   LOW,Linus Ullmark,Anthony Stolarz,Confirmed,Unconfirmed,-250.0,205.0,0.7143,-0.1448,OTT,5.0,2.0,W,Saturday,1.0,0.0,1.0,2.0,1.0,
2026-03-21,STL,VAN,VAN,0.6562,0.6562,★★★ HIGH,Kevin Lankinen,Jordan Binnington,Unconfirmed,Unconfirmed,110.0,-130.0,0.4762,0.1801,STL,1.0,3.0,L,Saturday,1.0,0.0,0.0,2.0,3.0,
2026-03-21,BOS,DET,DET,0.6038,0.6038,★★  MED,John Gibson,Jeremy Swayman,Fallback,Confirmed,-125.0,105.0,0.5556,0.0482,BOS,2.0,4.0,L,Saturday,1.0,0.0,0.0,2.0,2.0,
2026-03-21,TBL,EDM,TBL,0.4918,0.5082,SKIP,Connor Ingram,Andrei Vasilevskiy,Fallback,Unconfirmed,120.0,-142.0,0.5868,-0.0786,TBL,2.0,5.0,W,Saturday,1.0,0.0,0.0,2.0,2.0,
2026-03-22,WPG,NYR,NYR,0.6038,0.6038,★★  MED,Igor Shesterkin,Eric Comrie,Unconfirmed,Unconfirmed,-130.0,110.0,0.5652,0.0386,WPG,2.0,3.0,L,Sunday,1.0,0.0,1.0,3.0,1.0,
2026-03-22,COL,WSH,WSH,0.5694,0.5694,★   LOW,Logan Thompson,Scott Wedgewood,Unconfirmed,Unconfirmed,130.0,-155.0,0.4348,0.1347,COL,2.0,3.0,L,Sunday,1.0,0.0,0.0,2.0,2.0,
2026-03-22,CAR,PIT,CAR,0.4737,0.5263,★   LOW,Stuart Skinner,Frederik Andersen,Fallback,Unconfirmed,124.0,-148.0,0.5968,-0.0705,CAR,1.0,5.0,W,Sunday,1.0,1.0,0.0,1.0,2.0,
2026-03-22,NSH,CHI,CHI,0.5455,0.5455,★   LOW,Spencer Knight,Juuse Saros,Unconfirmed,Unconfirmed,-110.0,-110.0,0.5238,0.0216,NSH,2.0,3.0,L,Sunday,1.0,0.0,1.0,2.0,1.0,
2026-03-22,CBJ,NYI,NYI,0.6603,0.6603,★★★ HIGH,Ilya Sorokin,Jet Greaves,Unconfirmed,Unconfirmed,-110.0,-110.0,0.5238,0.1364,NYI,1.0,0.0,W,Sunday,1.0,1.0,1.0,1.0,1.0,
2026-03-22,VGK,DAL,DAL,0.6038,0.6038,★★  MED,Casey DeSmith,Adin Hill,Unconfirmed,Unconfirmed,-148.0,124.0,0.5968,0.007,VGK,2.0,3.0,L,Sunday,1.0,1.0,1.0,1.0,1.0,
2026-03-22,TBL,CGY,TBL,0.4918,0.5082,SKIP,Dustin Wolf,Jonas Johansson,Unconfirmed,Unconfirmed,150.0,-180.0,0.6429,-0.1347,CGY,4.0,3.0,L,Sunday,1.0,0.0,1.0,2.0,1.0,
2026-03-22,BUF,ANA,ANA,0.5681,0.5681,★   LOW,Lukas Dostal,Alex Lyon,Unconfirmed,Fallback,-125.0,105.0,0.5556,0.0125,ANA,6.0,5.0,W,Sunday,1.0,0.0,1.0,2.0,1.0,
2026-03-22,LAK,UTA,LAK,0.4918,0.5082,SKIP,Karel Vejmelka,Darcy Kuemper,Unconfirmed,Unconfirmed,-175.0,145.0,0.4082,0.1,UTA,4.0,3.0,L,Sunday,1.0,0.0,1.0,2.0,1.0,
2026-03-23,OTT,NYR,NYR,0.6603,0.6603,★★★ HIGH,Igor Shesterkin,Linus Ullmark,Unconfirmed,Unconfirmed,160.0,-192.0,0.3846,0.2756,OTT,1.0,2.0,L,Monday,0.0,1.0,0.0,1.0,2.0,
2026-03-24,TOR,BOS,BOS,0.6038,0.6038,★★  MED,Jeremy Swayman,Anthony Stolarz,Confirmed,Confirmed,-192.0,160.0,0.6575,-0.0538,TOR,2.0,4.0,L,Tuesday,0.0,0.0,0.0,3.0,3.0,
2026-03-24,CAR,MTL,CAR,0.4737,0.5263,★   LOW,Jakub Dobes,Frederik Andersen,Likely,Confirmed,114.0,-135.0,0.5745,-0.0482,MTL,5.0,2.0,L,Tuesday,0.0,0.0,0.0,3.0,2.0,
2026-03-24,OTT,DET,DET,0.6603,0.6603,★★★ HIGH,John Gibson,Linus Ullmark,Fallback,Unconfirmed,-112.0,-108.0,0.5283,0.132,OTT,2.0,3.0,L,Tuesday,0.0,0.0,1.0,3.0,1.0,
2026-03-24,SEA,FLA,FLA,0.6603,0.6603,★★★ HIGH,Sergei Bobrovsky,Joey Daccord,Confirmed,Likely,-142.0,120.0,0.5868,0.0735,FLA,5.0,4.0,W,Tuesday,0.0,0.0,0.0,4.0,3.0,
2026-03-24,CHI,NYI,NYI,0.6984,0.6984,★★★ HIGH,David Rittich,Arvid Soderblom,Fallback,Confirmed,-205.0,170.0,0.6721,0.0263,CHI,3.0,4.0,L,Tuesday,0.0,0.0,0.0,2.0,2.0,
2026-03-24,CBJ,PHI,CBJ,0.4737,0.5263,★   LOW,Dan Vladar,Jet Greaves,Fallback,Confirmed,114.0,-135.0,0.5745,-0.0482,CBJ,2.0,3.0,W,Tuesday,0.0,0.0,0.0,3.0,2.0,
2026-03-24,COL,PIT,COL,0.4737,0.5263,★   LOW,Arturs Silovs,Scott Wedgewood,Fallback,Confirmed,136.0,-162.0,0.6183,-0.092,COL,2.0,6.0,W,Tuesday,0.0,0.0,0.0,2.0,2.0,
2026-03-24,MIN,TBL,TBL,0.6603,0.6603,★★★ HIGH,Andrei Vasilevskiy,Filip Gustavsson,Unconfirmed,Confirmed,-170.0,142.0,0.6296,0.0306,TBL,6.0,3.0,W,Tuesday,0.0,0.0,0.0,2.0,3.0,
2026-03-24,WSH,STL,STL,0.6562,0.6562,★★★ HIGH,Joel Hofer,Charlie Lindgren,Confirmed,Likely,-105.0,-115.0,0.5122,0.1441,STL,3.0,0.0,W,Tuesday,0.0,0.0,0.0,3.0,2.0,
2026-03-24,SJS,NSH,NSH,0.6603,0.6603,★★★ HIGH,Juuse Saros,Alex Nedeljkovic,Confirmed,Fallback,-148.0,124.0,0.5968,0.0635,NSH,6.0,3.0,W,Tuesday,0.0,0.0,0.0,2.0,3.0,
2026-03-24,NJD,DAL,DAL,0.6603,0.6603,★★★ HIGH,Jake Oettinger,Jake Allen,Likely,Likely,-175.0,145.0,0.6364,0.0239,NJD,4.0,6.0,L,Tuesday,0.0,0.0,0.0,2.0,4.0,
2026-03-24,VGK,WPG,WPG,0.6038,0.6038,★★  MED,Connor Hellebuyck,Adin Hill,Likely,Confirmed,110.0,-130.0,0.4762,0.1276,WPG,4.0,1.0,W,Tuesday,0.0,0.0,0.0,2.0,2.0,
2026-03-24,LAK,CGY,CGY,0.6562,0.6562,★★★ HIGH,Dustin Wolf,Darcy Kuemper,Confirmed,Likely,124.0,-148.0,0.4464,0.2098,CGY,3.0,2.0,W,Tuesday,0.0,0.0,0.0,2.0,2.0,
2026-03-24,EDM,UTA,UTA,0.6562,0.6562,★★★ HIGH,Karel Vejmelka,Tristan Jarry,Likely,Fallback,-135.0,114.0,0.5745,0.0818,EDM,2.0,5.0,L,Tuesday,0.0,0.0,0.0,2.0,3.0,
2026-03-24,ANA,VAN,VAN,0.6603,0.6603,★★★ HIGH,Kevin Lankinen,Lukas Dostal,Confirmed,Unconfirmed,145.0,-175.0,0.4082,0.2521,ANA,3.0,5.0,L,Tuesday,0.0,0.0,0.0,3.0,2.0,
2026-03-25,BOS,BUF,BUF,0.6038,0.6038,★★  MED,Ukko-Pekka Luukkonen,Joonas Korpisalo,Unconfirmed,Unconfirmed,-192.0,160.0,0.6575,-0.0538,BOS,3.0,4.0,L,Wednesday,0.0,0.0,1.0,3.0,1.0,
2026-03-25,NYR,TOR,TOR,0.6603,0.6603,★★★ HIGH,Joseph Woll,Igor Shesterkin,Unconfirmed,Unconfirmed,-105.0,-115.0,0.5122,0.1481,TOR,4.0,3.0,W,Wednesday,0.0,1.0,0.0,1.0,2.0,
2026-03-26,CBJ,MTL,CBJ,0.4918,0.5082,SKIP,Jakub Dobes,Jet Greaves,Unconfirmed,Unconfirmed,-125.0,105.0,0.4878,0.0204,MTL,2.0,1.0,L,Thursday,0.0,0.0,0.0,2.0,2.0,
2026-03-26,PIT,OTT,OTT,0.6471,0.6471,★★  MED,Linus Ullmark,Stuart Skinner,Unconfirmed,Fallback,-155.0,130.0,0.6078,0.0392,PIT,3.0,4.0,L,Thursday,0.0,0.0,0.0,2.0,2.0,
2026-03-26,SEA,TBL,TBL,0.6603,0.6603,★★★ HIGH,Andrei Vasilevskiy,Joey Daccord,Unconfirmed,Unconfirmed,-290.0,235.0,0.7436,-0.0833,SEA,3.0,4.0,L,Thursday,0.0,0.0,0.0,2.0,2.0,
2026-03-26,MIN,FLA,FLA,0.6603,0.6603,★★★ HIGH,Sergei Bobrovsky,Filip Gustavsson,Unconfirmed,Unconfirmed,120.0,-142.0,0.4545,0.2057,MIN,2.0,3.0,L,Thursday,0.0,0.0,0.0,2.0,2.0,
2026-03-26,DAL,NYI,NYI,0.5694,0.5694,★   LOW,Ilya Sorokin,Casey DeSmith,Unconfirmed,Unconfirmed,102.0,-122.0,0.495,0.0744,NYI,2.0,1.0,W,Thursday,0.0,0.0,0.0,2.0,2.0,
2026-03-26,CHI,PHI,PHI,0.6038,0.6038,★★  MED,Dan Vladar,Spencer Knight,Fallback,Unconfirmed,-170.0,142.0,0.6296,-0.0259,PHI,5.0,1.0,W,Thursday,0.0,0.0,0.0,2.0,2.0,
2026-03-26,SJS,STL,STL,0.6603,0.6603,★★★ HIGH,Joel Hofer,Yaroslav Askarov,Unconfirmed,Unconfirmed,-135.0,114.0,0.5745,0.0858,STL,2.0,1.0,W,Thursday,0.0,0.0,0.0,2.0,2.0,
2026-03-26,NJD,NSH,NSH,0.6038,0.6038,★★  MED,Juuse Saros,Jacob Markstrom,Unconfirmed,Unconfirmed,-115.0,-105.0,0.5349,0.0689,NJD,2.0,4.0,L,Thursday,0.0,0.0,0.0,2.0,2.0,
2026-03-26,COL,WPG,WPG,0.6562,0.6562,★★★ HIGH,Connor Hellebuyck,Scott Wedgewood,Unconfirmed,Unconfirmed,160.0,-192.0,0.3846,0.2716,COL,2.0,3.0,L,Thursday,0.0,0.0,0.0,2.0,2.0,
2026-03-26,WSH,UTA,UTA,0.6562,0.6562,★★★ HIGH,Karel Vejmelka,Logan Thompson,Unconfirmed,Unconfirmed,-155.0,130.0,0.6078,0.0484,WSH,4.0,7.0,L,Thursday,0.0,0.0,0.0,2.0,2.0,
2026-03-26,ANA,CGY,CGY,0.75,0.75,★★★ HIGH,Devin Cooley,Lukas Dostal,Fallback,Unconfirmed,120.0,-142.0,0.4545,0.2955,ANA,2.0,3.0,L,Thursday,0.0,0.0,0.0,2.0,2.0,
2026-03-26,EDM,VGK,VGK,0.6562,0.6562,★★★ HIGH,Adin Hill,Connor Ingram,Unconfirmed,Fallback,-135.0,114.0,0.5745,0.0818,EDM,3.0,4.0,L,Thursday,0.0,0.0,0.0,2.0,2.0,
2026-03-26,LAK,VAN,VAN,0.5455,0.5455,★   LOW,Kevin Lankinen,Darcy Kuemper,Unconfirmed,Unconfirmed,145.0,-175.0,0.4082,0.1373,LAK,0.0,4.0,L,Thursday,0.0,0.0,0.0,2.0,2.0,
2026-03-27,DET,BUF,BUF,0.5455,0.5455,★   LOW,Alex Lyon,John Gibson,Fallback,Fallback,-155.0,130.0,0.6078,-0.0624,DET,2.0,5.0,L,Friday,0.0,0.0,0.0,2.0,3.0,
2026-03-27,CHI,NYR,NYR,0.6562,0.6562,★★★ HIGH,Dylan Garand,Arvid Soderblom,Fallback,Manual,-162.0,136.0,0.6183,0.0379,NYR,6.0,1.0,W,Friday,0.0,0.0,1.0,2.0,1.0,
2026-03-28,OTT,TBL,TBL,0.6603,0.6603,★★★ HIGH,Andrei Vasilevskiy,James Reimer,Confirmed,Fallback,-170.0,142.0,0.6296,0.0306,TBL,4.0,2.0,W,Saturday,1.0,0.0,0.0,2.0,2.0,
2026-03-28,FLA,NYI,NYI,0.5455,0.5455,★   LOW,Ilya Sorokin,Daniil Tarasov,Confirmed,Fallback,-175.0,145.0,0.6364,-0.0909,NYI,5.0,2.0,W,Saturday,1.0,0.0,0.0,2.0,2.0,
2026-03-28,ANA,EDM,EDM,0.6984,0.6984,★★★ HIGH,Connor Ingram,Lukas Dostal,Fallback,Confirmed,-148.0,124.0,0.5968,0.1016,EDM,4.0,2.0,W,Saturday,1.0,0.0,0.0,2.0,2.0,
2026-03-28,MIN,BOS,BOS,0.6038,0.6038,★★  MED,Jeremy Swayman,Filip Gustavsson,Confirmed,Confirmed,100.0,-120.0,0.5,0.1038,BOS,6.0,3.0,W,Saturday,1.0,0.0,0.0,3.0,2.0,
2026-03-28,DAL,PIT,DAL,0.4737,0.5263,★   LOW,Stuart Skinner,Jake Oettinger,Fallback,Confirmed,105.0,-125.0,0.5556,-0.0292,DAL,3.0,6.0,W,Saturday,1.0,0.0,0.0,2.0,2.0,
2026-03-28,NJD,CAR,CAR,0.6562,0.6562,★★★ HIGH,Brandon Bussi,Jacob Markstrom,Fallback,Confirmed,-218.0,180.0,0.6855,-0.0293,CAR,5.0,2.0,W,Saturday,1.0,0.0,0.0,4.0,2.0,
2026-03-28,SJS,CBJ,CBJ,0.6603,0.6603,★★★ HIGH,Elvis Merzlikins,Alex Nedeljkovic,Confirmed,Fallback,-205.0,170.0,0.6721,-0.0119,SJS,2.0,3.0,L,Saturday,1.0,0.0,0.0,2.0,2.0,
2026-03-28,SEA,BUF,BUF,0.6038,0.6038,★★  MED,Alex Lyon,Philipp Grubauer,Fallback,Confirmed,-192.0,160.0,0.6575,-0.0538,BUF,3.0,2.0,W,Saturday,1.0,1.0,0.0,1.0,2.0,
2026-03-28,TOR,STL,STL,0.6038,0.6038,★★  MED,Jordan Binnington,Joseph Woll,Confirmed,Confirmed,-142.0,120.0,0.5868,0.017,STL,5.0,1.0,W,Saturday,1.0,0.0,0.0,2.0,3.0,
2026-03-28,MTL,NSH,NSH,0.6923,0.6923,★★★ HIGH,Juuse Saros,Jacob Fowler,Confirmed,Fallback,100.0,-120.0,0.5,0.1923,MTL,1.0,4.0,L,Saturday,1.0,0.0,0.0,2.0,2.0,
2026-03-28,WPG,COL,COL,0.6038,0.6038,★★  MED,Mackenzie Blackwood,Connor Hellebuyck,Confirmed,Confirmed,-270.0,220.0,0.7297,-0.126,WPG,2.0,4.0,L,Saturday,1.0,0.0,0.0,2.0,2.0,
2026-03-28,PHI,DET,DET,0.6603,0.6603,★★★ HIGH,John Gibson,Dan Vladar,Fallback,Fallback,-135.0,114.0,0.5745,0.0858,PHI,3.0,5.0,L,Saturday,1.0,1.0,0.0,1.0,2.0,
2026-03-28,UTA,LAK,LAK,0.6562,0.6562,★★★ HIGH,Darcy Kuemper,Karel Vejmelka,Confirmed,Confirmed,-115.0,-105.0,0.5349,0.1214,UTA,2.0,6.0,L,Saturday,1.0,0.0,0.0,2.0,2.0,
2026-03-28,VAN,CGY,CGY,0.6603,0.6603,★★★ HIGH,Dustin Wolf,Nikita Tolopilo,Confirmed,Confirmed,-166.0,140.0,0.6241,0.0362,CGY,7.0,3.0,W,Saturday,1.0,0.0,0.0,2.0,2.0,
2026-03-28,WSH,VGK,VGK,0.6984,0.6984,★★★ HIGH,Adin Hill,Logan Thompson,Unconfirmed,Confirmed,-155.0,130.0,0.6078,0.0906,WSH,4.0,5.0,L,Saturday,1.0,0.0,0.0,2.0,2.0,
2026-03-29,FLA,NYR,FLA,0.4737,0.5263,★   LOW,Igor Shesterkin,Sergei Bobrovsky,Confirmed,Unconfirmed,-142.0,120.0,0.4545,0.0718,NYR,3.0,1.0,L,Sunday,1.0,0.0,1.0,2.0,1.0,
2026-03-29,NSH,TBL,TBL,0.6562,0.6562,★★★ HIGH,Jonas Johansson,Justus Annunen,Unconfirmed,Unconfirmed,-198.0,164.0,0.6644,-0.0082,TBL,3.0,2.0,W,Sunday,1.0,1.0,1.0,1.0,1.0,
2026-03-29,MTL,CAR,CAR,0.75,0.75,★★★ HIGH,Frederik Andersen,Jakub Dobes,Unconfirmed,Confirmed,-170.0,142.0,0.6296,0.1204,MTL,1.0,3.0,L,Sunday,1.0,1.0,1.0,1.0,1.0,
2026-03-29,BOS,CBJ,CBJ,0.6562,0.6562,★★★ HIGH,Jet Greaves,Joonas Korpisalo,Unconfirmed,Unconfirmed,-162.0,136.0,0.6183,0.0379,BOS,3.0,4.0,L,Sunday,1.0,1.0,1.0,1.0,1.0,
2026-03-29,CHI,NJD,NJD,0.6603,0.6603,★★★ HIGH,Jake Allen,Spencer Knight,Unconfirmed,Unconfirmed,-162.0,136.0,0.6183,0.0419,NJD,5.0,3.0,W,Sunday,1.0,1.0,0.0,1.0,2.0,
2026-03-29,DAL,PHI,DAL,0.4737,0.5263,★   LOW,Samuel Ersson,Casey DeSmith,Unconfirmed,Unconfirmed,130.0,-155.0,0.6078,-0.0815,PHI,2.0,1.0,L,Sunday,1.0,1.0,1.0,1.0,1.0,
2026-03-30,PIT,NYI,NYI,0.6562,0.6562,★★★ HIGH,Ilya Sorokin,Stuart Skinner,Manual,Fallback,,,,,PIT,3.0,8.0,L,Monday,0.0,0.0,0.0,2.0,2.0,
2026-03-30,CAR,CBJ,CAR,0.4737,0.5263,★   LOW,Jet Greaves,Frederik Andersen,Manual,Manual,,,,,,,,,Monday,0.0,1.0,1.0,1.0,1.0,
2026-03-30,CGY,COL,COL,0.625,0.625,★★  MED,Scott Wedgewood,Dustin Wolf,Manual,Manual,,,,,COL,9.0,2.0,W,Monday,0.0,0.0,0.0,2.0,2.0,
2026-03-30,STL,SJS,SJS,0.5694,0.5694,★   LOW,Yaroslav Askarov,Joel Hofer,Manual,Manual,,,,,SJS,5.0,4.0,W,Monday,0.0,0.0,0.0,2.0,2.0,
2026-03-30,VAN,VGK,VGK,0.6562,0.6562,★★★ HIGH,Adin Hill,Kevin Lankinen,Manual,Manual,,,,,VGK,4.0,2.0,W,Monday,0.0,0.0,0.0,2.0,2.0,
2026-03-31,DAL,BOS,DAL,0.4918,0.5082,SKIP,Joonas Korpisalo,Jake Oettinger,Manual,Manual,100.0,-120.0,0.5455,-0.0373,BOS,6.0,3.0,L,Tuesday,0.0,0.0,0.0,2.0,2.0,
2026-03-31,NYI,BUF,BUF,0.5455,0.5455,★   LOW,Ukko-Pekka Luukkonen,David Rittich,Manual,Fallback,-198.0,164.0,0.6644,-0.119,BUF,4.0,3.0,W,Tuesday,0.0,0.0,1.0,3.0,1.0,
2026-03-31,MTL,TBL,TBL,0.6984,0.6984,★★★ HIGH,Andrei Vasilevskiy,Jakub Dobes,Manual,Manual,-170.0,142.0,0.6296,0.0688,MTL,1.0,4.0,L,Tuesday,0.0,0.0,0.0,2.0,2.0,
2026-03-31,OTT,FLA,FLA,0.6984,0.6984,★★★ HIGH,Daniil Tarasov,Linus Ullmark,Fallback,Manual,142.0,-170.0,0.4132,0.2852,FLA,6.0,3.0,W,Tuesday,0.0,0.0,0.0,2.0,3.0,
2026-03-31,NJD,NYR,NYR,0.6038,0.6038,★★  MED,Igor Shesterkin,Jacob Markstrom,Manual,Manual,100.0,-120.0,0.5,0.1038,NYR,4.0,1.0,W,Tuesday,0.0,0.0,0.0,2.0,2.0,
2026-03-31,DET,PIT,PIT,0.6562,0.6562,★★★ HIGH,Stuart Skinner,John Gibson,Fallback,Fallback,-110.0,-110.0,0.5238,0.1324,PIT,5.0,1.0,W,Tuesday,0.0,1.0,0.0,1.0,3.0,
2026-03-31,PHI,WSH,WSH,0.6984,0.6984,★★★ HIGH,Logan Thompson,Dan Vladar,Manual,Fallback,-135.0,114.0,0.5745,0.1239,WSH,6.0,4.0,W,Tuesday,0.0,0.0,0.0,3.0,2.0,
2026-03-31,CAR,CBJ,CAR,0.4737,0.5263,★   LOW,Jet Greaves,Frederik Andersen,Manual,Manual,110.0,-130.0,0.5652,-0.0389,CAR,2.0,5.0,W,Tuesday,0.0,0.0,0.0,2.0,2.0,
2026-03-31,WPG,CHI,WPG,0.4737,0.5263,★   LOW,Spencer Knight,Connor Hellebuyck,Manual,Manual,120.0,-142.0,0.5868,-0.0605,WPG,3.0,4.0,W,Tuesday,0.0,0.0,0.0,2.0,3.0,
2026-03-31,SEA,EDM,EDM,0.6603,0.6603,★★★ HIGH,Connor Ingram,Philipp Grubauer,Fallback,Manual,-185.0,154.0,0.6491,0.0111,EDM,3.0,0.0,W,Tuesday,0.0,0.0,0.0,3.0,3.0,
2026-04-01,VAN,COL,COL,0.6603,0.6603,★★★ HIGH,Mackenzie Blackwood,Kevin Lankinen,Confirmed,Confirmed,-500.0,380.0,0.8333,-0.1731,VAN,6.0,8.0,L,Wednesday,0.0,0.0,0.0,2.0,2.0,
2026-04-01,STL,LAK,LAK,0.6562,0.6562,★★★ HIGH,Anton Forsberg,Jordan Binnington,Fallback,Confirmed,-142.0,120.0,0.5868,0.0695,LAK,2.0,1.0,W,Wednesday,0.0,0.0,0.0,4.0,2.0,
2026-04-01,ANA,SJS,SJS,0.6562,0.6562,★★★ HIGH,Yaroslav Askarov,Lukas Dostal,Confirmed,Confirmed,-112.0,-108.0,0.5283,0.1279,SJS,4.0,3.0,W,Wednesday,0.0,0.0,0.0,2.0,2.0,
2026-04-02,BUF,OTT,OTT,0.6562,0.6562,★★★ HIGH,Linus Ullmark,Ukko-Pekka Luukkonen,Manual,Manual,-125.0,105.0,0.5556,0.1007,OTT,4.0,1.0,W,Thursday,0.0,0.0,0.0,2.0,2.0,
2026-04-02,PIT,TBL,TBL,0.6603,0.6603,★★★ HIGH,Andrei Vasilevskiy,Stuart Skinner,Manual,Fallback,-170.0,142.0,0.6296,0.0306,TBL,6.0,3.0,W,Thursday,0.0,0.0,0.0,2.0,2.0,
2026-04-02,BOS,FLA,FLA,0.6603,0.6603,★★★ HIGH,Daniil Tarasov,Joonas Korpisalo,Fallback,Manual,130.0,-155.0,0.4348,0.2255,FLA,2.0,1.0,W,Thursday,0.0,0.0,0.0,2.0,2.0,
2026-04-02,MTL,NYR,NYR,0.6562,0.6562,★★★ HIGH,Igor Shesterkin,Jakub Dobes,Manual,Manual,130.0,-155.0,0.4348,0.2215,MTL,2.0,3.0,L,Thursday,0.0,0.0,0.0,2.0,2.0,
2026-04-02,DET,PHI,PHI,0.5694,0.5694,★   LOW,Dan Vladar,John Gibson,Fallback,Fallback,-115.0,-105.0,0.5349,0.0346,DET,2.0,4.0,L,Thursday,0.0,0.0,0.0,2.0,2.0,
2026-04-02,CBJ,CAR,CAR,0.6603,0.6603,★★★ HIGH,Frederik Andersen,Jet Greaves,Manual,Manual,-185.0,154.0,0.6491,0.0111,CAR,5.0,1.0,W,Thursday,0.0,0.0,0.0,2.0,2.0,
2026-04-02,WSH,NJD,NJD,0.625,0.625,★★  MED,Jacob Markstrom,Logan Thompson,Manual,Manual,-122.0,102.0,0.5495,0.0755,NJD,7.0,3.0,W,Thursday,0.0,0.0,0.0,2.0,2.0,
2026-04-02,WPG,DAL,DAL,0.6038,0.6038,★★  MED,Jake Oettinger,Connor Hellebuyck,Manual,Manual,-180.0,150.0,0.6429,-0.0391,DAL,3.0,0.0,W,Thursday,0.0,0.0,0.0,2.0,2.0,
2026-04-02,VAN,MIN,MIN,0.6562,0.6562,★★★ HIGH,Filip Gustavsson,Nikita Tolopilo,Confirmed,Unconfirmed,-395.0,310.0,0.798,-0.1417,MIN,5.0,2.0,W,Thursday,0.0,0.0,1.0,5.0,1.0,
2026-04-02,CHI,EDM,EDM,0.6603,0.6603,★★★ HIGH,Connor Ingram,Spencer Knight,Fallback,Manual,-245.0,200.0,0.7101,-0.0499,EDM,3.0,1.0,W,Thursday,0.0,0.0,0.0,2.0,2.0,
2026-04-02,CGY,VGK,VGK,0.6562,0.6562,★★★ HIGH,Adin Hill,Dustin Wolf,Unconfirmed,Unconfirmed,-250.0,205.0,0.7143,-0.058,VGK,6.0,3.0,W,Thursday,0.0,0.0,0.0,3.0,3.0,
2026-04-02,TOR,SJS,TOR,0.4737,0.5263,★   LOW,Alex Nedeljkovic,Joseph Woll,Fallback,Unconfirmed,-120.0,100.0,0.5,0.0263,SJS,4.0,1.0,L,Thursday,0.0,1.0,0.0,1.0,3.0,
2026-04-02,UTA,SEA,SEA,0.5455,0.5455,★   LOW,Philipp Grubauer,Karel Vejmelka,Manual,Unconfirmed,110.0,-130.0,0.4762,0.0693,UTA,2.0,6.0,L,Thursday,0.0,0.0,0.0,2.0,5.0,
2026-04-02,NSH,LAK,LAK,0.6038,0.6038,★★  MED,Darcy Kuemper,Juuse Saros,Unconfirmed,Unconfirmed,-125.0,105.0,0.5556,0.0482,NSH,4.0,5.0,L,Thursday,0.0,1.0,0.0,1.0,4.0,
2026-04-04,WPG,CBJ,WPG,0.477,0.523,★   LOW,Jet Greaves,Connor Hellebuyck,Manual,Manual,-142.0,120.0,0.4545,0.0685,WPG,1.0,2.0,W,Saturday,1.0,0.0,0.0,2.0,2.0,0.523
2026-04-05,NJD,MTL,NJD,0.477,0.523,★   LOW,Jakub Dobes,Jake Allen,Manual,Manual,-155.0,130.0,0.4348,0.0882,NJD,0.0,3.0,W,Sunday,1.0,1.0,1.0,1.0,1.0,0.5180000066757202
2026-04-09,WPG,STL,WPG,0.4403,0.5597,★   LOW,Jordan Binnington,Connor Hellebuyck,Likely,Likely,-115.0,-105.0,0.5122,0.0475,WPG,2.0,3.0,W,Thursday,0.0,0.0,0.0,2.0,3.0,0.448199987411499
